,words,surprisal,entropy,id,word_order,surprisal_new
0,Frische,26.259018421173096,15.901697635650635,59,1,
1,Gardinen,18.87244087457657,9.894074320793152,59,2,18.87244087457657
2,hängen,10.520395278930664,6.740279674530029,59,3,10.520395278930664
3,am,5.320113658905029,6.548659324645996,59,4,5.320113658905029
4,Fenster,2.820561170578003,8.366246223449707,59,5,2.820561170578003
5,Der,18.26059341430664,8.896342277526855,30,1,
6,Regen,11.327692985534668,11.863557815551758,30,2,11.327692985534668
7,tropft,11.318736113607883,7.902700841426849,30,3,11.318736113607883
8,vom,4.900145053863525,5.149147987365723,30,4,4.900145053863525
9,Dach,7.163442611694336,4.731602191925049,30,5,7.163442611694336
10,Montag,27.374187469482422,8.896342277526855,44,1,
11,war,10.882521629333496,7.427122116088867,44,2,10.882521629333496
12,es,5.321493148803711,7.886984825134277,44,3,5.321493148803711
13,uns,7.731157302856445,7.4463043212890625,44,4,7.731157302856445
14,zu,6.254377365112305,6.323855400085449,44,5,6.254377365112305
15,regnerisch,21.644026443362236,5.860802352428436,44,6,21.644026443362236
16,Der,18.26059341430664,8.896342277526855,17,1,
17,Bus,10.552653312683105,11.863557815551758,17,2,10.552653312683105
18,hupt,14.832810640335083,13.13100528717041,17,3,14.832810640335083
19,vor,5.850800037384033,5.709953784942627,17,4,5.850800037384033
20,der,3.4120848178863525,5.038167953491211,17,5,3.4120848178863525
21,belebten,15.550033912062645,10.134970247745514,17,6,15.550033912062645
22,Haltestelle,5.288198947906494,9.45466423034668,17,7,5.288198947906494
23,Sie,18.278270721435547,8.896342277526855,257,1,
24,trägt,12.359408378601074,7.353473663330078,257,2,12.359408378601074
25,ein,4.906501770019531,8.057985305786133,257,3,4.906501770019531
26,Lächeln,8.11851692199707,10.722633361816406,257,4,8.11851692199707
27,im,3.661642074584961,4.661816120147705,257,5,3.661642074584961
28,Gesicht,0.24031658470630646,1.2857060432434082,257,6,0.24031658470630646
29,Kinder,21.897796630859375,8.896342277526855,27,1,
30,spielen,9.915658950805664,9.259928703308105,27,2,9.915658950805664
31,fröhlich,12.51540756225586,8.027769088745117,27,3,12.51540756225586
32,im,5.073373317718506,5.51838493347168,27,4,5.073373317718506
33,Park,5.779038906097412,8.966754913330078,27,5,5.779038906097412
34,Ein,18.193517684936523,8.896342277526855,209,1,
35,Schiff,8.867080688476562,11.972281455993652,209,2,8.867080688476562
36,gleitet,15.06696367263794,16.27095937728882,209,3,15.06696367263794
37,über,3.5605716705322266,6.84151554107666,209,4,3.5605716705322266
38,das,3.5958316326141357,5.54115104675293,209,5,3.5958316326141357
39,Wasser,1.992472529411316,6.786994934082031,209,6,1.992472529411316
40,Sie,18.278270721435547,8.896342277526855,260,1,
41,läuft,15.634464263916016,7.353473663330078,260,2,15.634464263916016
42,entspannt,13.9521484375,7.526665210723877,260,3,13.9521484375
43,am,7.325272083282471,5.661861419677734,260,4,7.325272083282471
44,Strand,4.721149921417236,9.231670379638672,260,5,4.721149921417236
45,entlang,0.5072717666625977,2.459240198135376,260,6,0.5072717666625977
46,Die,17.841373443603516,8.896342277526855,69,1,
47,Rinder,13.46818733215332,12.353851318359375,69,2,13.46818733215332
48,sind,4.099489688873291,8.628273010253906,69,3,4.099489688873291
49,noch,6.010324954986572,8.551223754882812,69,4,6.010324954986572
50,auf,5.501384735107422,5.849682807922363,69,5,5.501384735107422
51,der,1.8834095001220703,5.308207035064697,69,6,1.8834095001220703
52,Weide,0.6471846699714661,2.508918046951294,69,7,0.6471846699714661
53,Die,17.841373443603516,8.896342277526855,207,1,
54,Vögel,13.082208633422852,12.353851318359375,207,2,13.082208633422852
55,umkreisten,14.448693150654435,8.935819149017334,207,3,14.448693150654435
56,den,3.4718847274780273,6.322240352630615,207,4,3.4718847274780273
57,Turm,8.277654647827148,10.335927963256836,207,5,8.277654647827148
58,Die,17.841373443603516,8.896342277526855,51,1,
59,Ärzte,11.6112699508667,12.353851318359375,51,2,11.6112699508667
60,sind,4.372074127197266,8.10910701751709,51,3,4.372074127197266
61,damit,8.125547409057617,8.48430347442627,51,4,8.125547409057617
62,gar,10.627677917480469,7.379258632659912,51,5,10.627677917480469
63,nicht,0.041794855147600174,0.3441506624221802,51,6,0.041794855147600174
64,einverstanden,1.6421529054641724,4.361608028411865,51,7,1.6421529054641724
65,Auf,20.565061569213867,8.896342277526855,60,1,
66,dem,3.501103639602661,8.60616397857666,60,2,3.501103639602661
67,Brett,11.569331169128418,9.935173988342285,60,3,11.569331169128418
68,leuchten,14.616473197937012,8.774554252624512,60,4,14.616473197937012
69,bunte,7.646736145019531,7.552475929260254,60,5,7.646736145019531
70,Tulpen,10.42662113904953,9.57030725479126,60,6,10.42662113904953
71,Opa,25.425183296203613,19.33225440979004,150,1,
72,jammert,27.770530700683594,18.704089164733887,150,2,27.770530700683594
73,ständig,9.524067878723145,8.186080932617188,150,3,9.524067878723145
74,über,2.990908145904541,5.401312828063965,150,4,2.990908145904541
75,seine,3.71321964263916,7.029982566833496,150,5,3.71321964263916
76,Asthmaanfälle,15.95484246686101,14.99220958352089,150,6,15.95484246686101
77,Das,18.880918502807617,8.896342277526855,23,1,
78,Telefon,11.557262420654297,10.476740837097168,23,2,11.557262420654297
79,klingelt,1.8799901008605957,5.612427234649658,23,3,1.8799901008605957
80,in,6.433367729187012,4.685949325561523,23,4,6.433367729187012
81,der,1.5375007390975952,6.652194499969482,23,5,1.5375007390975952
82,stillen,13.446310997009277,8.970549583435059,23,6,13.446310997009277
83,Wohnung,7.643515110015869,6.59900426864624,23,7,7.643515110015869
84,Du,20.054386138916016,8.896342277526855,128,1,
85,hilfst,22.51567268371582,18.40481472015381,128,2,22.51567268371582
86,mir,3.4051425457000732,7.876061916351318,128,3,3.4051425457000732
87,beim,6.351985931396484,6.167526721954346,128,4,6.351985931396484
88,Fernstudium,16.45880126953125,14.996807098388672,128,5,16.45880126953125
89,Draußen,29.450202465057373,15.132203102111816,68,1,
90,fliegt,13.555981636047363,8.383546829223633,68,2,13.555981636047363
91,die,3.7643485069274902,6.309235095977783,68,3,3.7643485069274902
92,Landschaft,10.131338119506836,8.909202575683594,68,4,10.131338119506836
93,vorbei,6.175178527832031,7.190484046936035,68,5,6.175178527832031
94,Die,17.841373443603516,8.896342277526855,25,1,
95,Blumen,13.241004943847656,12.353851318359375,25,2,13.241004943847656
96,blühen,7.617628186941147,9.211504638195038,25,3,7.617628186941147
97,im,4.211169242858887,6.564887523651123,25,4,4.211169242858887
98,Garten,4.737873554229736,7.0015034675598145,25,5,4.737873554229736
99,Die,17.841373443603516,8.896342277526855,253,1,
100,Radfahrer,14.198868751525879,12.353851318359375,253,2,14.198868751525879
101,erkunden,12.284719467163086,7.59525203704834,253,3,12.284719467163086
102,den,3.1008410453796387,6.2098069190979,253,4,3.1008410453796387
103,Wald,5.248560428619385,10.54555606842041,253,5,5.248560428619385
104,Unruhig,39.3868522644043,29.126062393188477,7,1,
105,tanzen,15.628464698791504,9.15556526184082,7,2,15.628464698791504
106,Blätter,16.22110939025879,6.1320085525512695,7,3,16.22110939025879
107,im,5.371799468994141,8.079075813293457,7,4,5.371799468994141
108,Sonnenschein,7.241988658905029,7.131031513214111,7,5,7.241988658905029
109,Durch,20.922212600708008,8.896342277526855,119,1,
110,den,4.164959907531738,6.737635612487793,119,2,4.164959907531738
111,ständigen,9.298099517822266,10.838671684265137,119,3,9.298099517822266
112,Föhn,18.50343084335327,14.584049224853516,119,4,18.50343084335327
113,verdorren,20.70601212978363,14.739825010299683,119,5,20.70601212978363
114,die,1.1742826700210571,5.880601406097412,119,6,1.1742826700210571
115,Ähren,12.035074710845947,9.513442158699036,119,7,12.035074710845947
116,Bei,21.51325035095215,8.896342277526855,118,1,
117,dem,5.107017517089844,8.263981819152832,118,2,5.107017517089844
118,Peitschenknall,25.915750458836555,21.204038977622986,118,3,25.915750458836555
119,scheuten,19.68315029144287,14.988670825958252,118,4,19.68315029144287
120,die,1.500876545906067,4.617768287658691,118,5,1.500876545906067
121,Rösser,13.199752807617188,16.470179557800293,118,6,13.199752807617188
122,Einstweilen,29.17076277732849,29.93601417541504,130,1,
123,ist,3.206059217453003,8.121757507324219,130,2,3.206059217453003
124,Erfolg,17.420856475830078,5.944289207458496,130,3,17.420856475830078
125,die,7.44656229019165,7.172072410583496,130,4,7.44656229019165
126,Hauptsache,6.562662601470947,7.880455017089844,130,5,6.562662601470947
127,Durch,20.922212600708008,8.896342277526855,55,1,
128,Wald,15.569506645202637,6.737635612487793,55,2,15.569506645202637
129,und,2.432612895965576,7.31852912902832,55,3,2.432612895965576
130,Feld,3.3521039485931396,4.0639495849609375,55,4,3.3521039485931396
131,führt,3.8620338439941406,7.067781925201416,55,5,3.8620338439941406
132,unser,7.843843936920166,4.1495041847229,55,6,7.843843936920166
133,Weg,0.4997658133506775,3.2997477054595947,55,7,0.4997658133506775
134,Der,18.26059341430664,8.896342277526855,251,1,
135,Regen,11.327692985534668,11.863557815551758,251,2,11.327692985534668
136,klopft,14.66546893119812,10.972208976745605,251,3,14.66546893119812
137,ans,11.160642623901367,5.922099590301514,251,4,11.160642623901367
138,Fenster,2.4081013202667236,7.103056907653809,251,5,2.4081013202667236
139,Der,18.26059341430664,8.896342277526855,182,1,
140,Regenschirm,15.79740858078003,19.177737712860107,182,2,15.79740858078003
141,schützt,7.138819694519043,7.038815021514893,182,3,7.138819694519043
142,vor,2.810264825820923,5.937918663024902,182,4,2.810264825820923
143,plötzlichem,15.753809332847595,9.782302379608154,182,5,15.753809332847595
144,Regen,1.4548141956329346,5.45774507522583,182,6,1.4548141956329346
145,Motoren,26.800596237182617,8.896342277526855,92,1,
146,brauchen,13.343734741210938,9.412095069885254,92,2,13.343734741210938
147,Benzin,11.447773933410645,7.684456825256348,92,3,11.447773933410645
148,Öl,15.542590141296387,5.436653137207031,92,4,15.542590141296387
149,und,3.33368182182312,6.538476943969727,92,5,3.33368182182312
150,Wasser,4.887254238128662,8.096860885620117,92,6,4.887254238128662
151,Die,17.841373443603516,8.896342277526855,3,1,
152,Blumen,13.241004943847656,12.353851318359375,3,2,13.241004943847656
153,blühen,7.617628186941147,9.211504638195038,3,3,7.617628186941147
154,im,4.211169242858887,6.564887523651123,3,4,4.211169242858887
155,Winter,5.952671051025391,7.0015034675598145,3,5,5.952671051025391
156,blau,10.691246032714844,5.980134010314941,3,6,10.691246032714844
157,Der,18.26059341430664,8.896342277526855,198,1,
158,Arzt,11.528139114379883,11.863557815551758,198,2,11.528139114379883
159,untersucht,10.256525993347168,8.144895553588867,198,3,10.256525993347168
160,den,3.525198221206665,7.094960689544678,198,4,3.525198221206665
161,Patienten,3.535066604614258,9.52264404296875,198,5,3.535066604614258
162,Der,18.26059341430664,8.896342277526855,252,1,
163,Lehrer,12.222090721130371,11.863557815551758,252,2,12.222090721130371
164,erklärt,9.954377174377441,8.498811721801758,252,3,9.954377174377441
165,schwierige,16.09515380859375,5.548275947570801,252,4,16.09515380859375
166,Konzepte,11.749459266662598,7.559752941131592,252,5,11.749459266662598
167,Der,18.26059341430664,8.896342277526855,241,1,
168,Nachbar,12.161871910095215,11.863557815551758,241,2,12.161871910095215
169,trägt,10.703692436218262,8.925731658935547,241,3,10.703692436218262
170,immer,7.078000545501709,7.855948448181152,241,4,7.078000545501709
171,Hüte,12.097217291593552,7.100612699985504,241,5,12.097217291593552
172,Junge,30.465251922607422,8.896342277526855,225,1,
173,Erwachsene,10.501888275146484,9.559789657592773,225,2,10.501888275146484
174,genießen,8.72570514678955,7.550521373748779,225,3,8.72570514678955
175,das,3.9166126251220703,7.2212629318237305,225,4,3.9166126251220703
176,Stadtfest,11.073806285858154,13.187543869018555,225,5,11.073806285858154
177,Sechs,25.07960319519043,8.896342277526855,89,1,
178,Mädchen,10.82409954071045,9.311841011047363,89,2,10.82409954071045
179,wollen,8.116872787475586,5.958000183105469,89,3,8.116872787475586
180,Schwester,15.832347869873047,8.109619140625,89,4,15.832347869873047
181,werden,5.103852272033691,9.61025619506836,89,5,5.103852272033691
182,Die,17.841373443603516,8.896342277526855,249,1,
183,Krankenschwester,16.472759246826172,12.353851318359375,249,2,16.472759246826172
184,jongliert,17.117117647081614,14.96560150384903,249,3,17.117117647081614
185,mit,2.47672963142395,7.243947982788086,249,4,2.47672963142395
186,Medikamenten,10.219985008239746,9.42728328704834,249,5,10.219985008239746
187,Die,17.841373443603516,8.896342277526855,53,1,
188,Kartoffeln,14.100444793701172,12.353851318359375,53,2,14.100444793701172
189,gehören,8.589022636413574,7.098848819732666,53,3,8.589022636413574
190,zum,3.942692279815674,5.7921881675720215,53,4,3.942692279815674
191,Mittagessen,8.17908763885498,10.059290885925293,53,5,8.17908763885498
192,Der,18.26059341430664,8.896342277526855,20,1,
193,Regen,11.327692985534668,11.863557815551758,20,2,11.327692985534668
194,prasselt,9.699135929346085,9.565031677484512,20,3,9.699135929346085
195,auf,2.2040607929229736,5.979684352874756,20,4,2.2040607929229736
196,das,3.4932925701141357,4.5610857009887695,20,5,3.4932925701141357
197,Dachfenster,16.748472213745117,13.622949838638306,20,6,16.748472213745117
198,Morgen,24.672304153442383,8.896342277526855,1,1,
199,wird,8.236591339111328,8.022782325744629,1,2,8.236591339111328
200,es,2.714388608932495,7.817577362060547,1,3,2.714388608932495
201,neblig,14.738219499588013,17.400595664978027,1,4,14.738219499588013
202,und,3.6774308681488037,4.826121807098389,1,5,3.6774308681488037
203,eiskalt,11.429837994277477,6.612148806452751,1,6,11.429837994277477
204,Der,18.26059341430664,8.896342277526855,164,1,
205,Regen,11.327692985534668,11.863557815551758,164,2,11.327692985534668
206,spielt,10.134906768798828,7.31417989730835,164,3,10.134906768798828
207,Klavier,12.827214241027832,7.11696720123291,164,4,12.827214241027832
208,auf,7.980082988739014,4.695773601531982,164,5,7.980082988739014
209,den,3.8847591876983643,4.93107271194458,164,6,3.8847591876983643
210,Dächern,6.493426822125912,10.314663708209991,164,7,6.493426822125912
211,Die,17.841373443603516,8.896342277526855,57,1,
212,Tante,15.768780708312988,12.353851318359375,57,2,15.768780708312988
213,bewohnt,18.808408737182617,8.330459594726562,57,3,18.808408737182617
214,ein,2.0668258666992188,5.8399152755737305,57,4,2.0668258666992188
215,nettes,10.318472570739686,8.045211058109999,57,5,10.318472570739686
216,Häuschen,4.890750885009766,5.885310649871826,57,6,4.890750885009766
217,Wir,18.92342758178711,8.896342277526855,52,1,
218,wollen,6.437782287597656,6.8760480880737305,52,2,6.437782287597656
219,heute,8.630477905273438,7.8616743087768555,52,3,8.630477905273438
220,spazieren,14.615621566772461,7.609663009643555,52,4,14.615621566772461
221,gehen,0.39905357360839844,1.6450560092926025,52,5,0.39905357360839844
222,Die,17.841373443603516,8.896342277526855,126,1,
223,Entscheidung,9.155137062072754,12.353851318359375,126,2,9.155137062072754
224,darfst,20.583303451538086,5.44950532913208,126,3,20.583303451538086
225,du,0.18578046560287476,1.0534815788269043,126,4,0.18578046560287476
226,selbst,6.808302879333496,5.536189079284668,126,5,6.808302879333496
227,fällen,5.286547660827637,1.9877543449401855,126,6,5.286547660827637
228,Die,17.841373443603516,8.896342277526855,223,1,
229,Straßen,11.641923904418945,12.353851318359375,223,2,11.641923904418945
230,sind,4.194578647613525,8.066285133361816,223,3,4.194578647613525
231,voller,4.569521903991699,8.354070663452148,223,4,4.569521903991699
232,fröhlicher,12.207275588065386,8.905864030122757,223,5,12.207275588065386
233,Passanten,9.407797813415527,3.4141509532928467,223,6,9.407797813415527
234,Sie,18.278270721435547,8.896342277526855,120,1,
235,hat,6.996389389038086,7.353473663330078,120,2,6.996389389038086
236,die,3.961411714553833,7.966017723083496,120,3,3.961411714553833
237,Neuigkeit,13.519515037536621,16.0291748046875,120,4,13.519515037536621
238,mit,7.239001750946045,7.208712100982666,120,5,7.239001750946045
239,Genugtuung,11.136954814195633,13.095376640558243,120,6,11.136954814195633
240,aufgenommen,1.0570834875106812,2.840651035308838,120,7,1.0570834875106812
241,Er,20.50890350341797,8.896342277526855,113,1,
242,hat,6.744086742401123,10.31694507598877,113,2,6.744086742401123
243,eine,4.200240612030029,7.9715576171875,113,3,4.200240612030029
244,sprunghafte,15.895823895931244,19.825385570526123,113,4,15.895823895931244
245,Gangart,10.970614671707153,10.428076028823853,113,5,10.970614671707153
246,Der,18.26059341430664,8.896342277526855,15,1,
247,alte,10.052489280700684,11.863557815551758,15,2,10.052489280700684
248,Baum,6.876526832580566,10.464167594909668,15,3,6.876526832580566
249,erzählte,15.675533294677734,6.757106781005859,15,4,15.675533294677734
250,vom,4.843677043914795,6.491623878479004,15,5,4.843677043914795
251,Leben,3.414121389389038,9.730358123779297,15,6,3.414121389389038
252,Sein,20.844966888427734,8.896342277526855,157,1,
253,Blick,9.786177635192871,9.96447467803955,157,2,9.786177635192871
254,streifte,13.211103558540344,6.7109643667936325,157,3,13.211103558540344
255,die,2.3998360633850098,6.803400993347168,157,4,2.3998360633850098
256,Sterne,10.786301612854004,11.585466384887695,157,5,10.786301612854004
257,Bei,21.51325035095215,8.896342277526855,142,1,
258,Konkurs,15.39969253540039,8.263981819152832,142,2,15.39969253540039
259,kennt,16.59649085998535,7.976178169250488,142,3,16.59649085998535
260,der,3.4517791271209717,4.983279228210449,142,4,3.4517791271209717
261,Richter,7.924414157867432,9.271202087402344,142,5,7.924414157867432
262,keine,3.5037925243377686,6.7314558029174805,142,6,3.5037925243377686
263,Gnade,0.9257108569145203,5.173913955688477,142,7,0.9257108569145203
264,Die,17.841373443603516,8.896342277526855,240,1,
265,Musiker,12.389017105102539,12.353851318359375,240,2,12.389017105102539
266,unterhalten,10.898088455200195,7.07932186126709,240,3,10.898088455200195
267,Passanten,14.55065631866455,5.590529918670654,240,4,14.55065631866455
268,mit,3.1550698280334473,4.331361770629883,240,5,3.1550698280334473
269,ihrer,4.420322895050049,8.691970825195312,240,6,4.420322895050049
270,Musik,1.4961711168289185,7.342250823974609,240,7,1.4961711168289185
271,Heute,25.962135314941406,8.896342277526855,86,1,
272,jeder,16.019189834594727,8.644415855407715,86,2,16.019189834594727
273,Strauß,16.43788719177246,8.67508316040039,86,3,16.43788719177246
274,Blumen,6.859558582305908,8.565893173217773,86,4,6.859558582305908
275,zwei,14.09343433380127,7.735201835632324,86,5,14.09343433380127
276,Mark,9.947005271911621,9.347317695617676,86,6,9.947005271911621
277,Das,18.880918502807617,8.896342277526855,135,1,
278,amtliche,14.617276191711426,10.476740837097168,135,2,14.617276191711426
279,Amtsblatt,6.649586200714111,9.406044006347656,135,3,6.649586200714111
280,liegt,11.370152473449707,5.1893310546875,135,4,11.370152473449707
281,überm,24.95655918121338,11.611047744750977,135,5,24.95655918121338
282,Durchschnitt,11.98559856414795,9.919684410095215,135,6,11.98559856414795
283,Diese,21.24692726135254,8.896342277526855,82,1,
284,Durchsage,20.562710285186768,16.17154550552368,82,2,20.562710285186768
285,ist,2.9610140323638916,7.148975372314453,82,3,2.9610140323638916
286,ohne,11.161267280578613,7.942717552185059,82,4,11.161267280578613
287,Gewähr,5.380973815917969,7.755669116973877,82,5,5.380973815917969
288,Ein,18.193517684936523,8.896342277526855,224,1,
289,Musiker,13.366850852966309,11.972281455993652,224,2,13.366850852966309
290,verzaubert,12.708020210266113,10.412359714508057,224,3,12.708020210266113
291,die,2.4636130332946777,6.038354873657227,224,4,2.4636130332946777
292,Menschenmenge,15.520766735076904,10.043233394622803,224,5,15.520766735076904
293,Die,17.841373443603516,8.896342277526855,188,1,
294,Blumen,13.241004943847656,12.353851318359375,188,2,13.241004943847656
295,blühen,7.617628186941147,9.211504638195038,188,3,7.617628186941147
296,bunt,10.703539848327637,6.564888000488281,188,4,10.703539848327637
297,im,5.366347789764404,4.7026777267456055,188,5,5.366347789764404
298,Blumenkasten,14.697917580604553,14.142699956893921,188,6,14.697917580604553
299,In,16.59467887878418,8.896342277526855,75,1,
300,der,5.123151779174805,9.440967559814453,75,2,5.123151779174805
301,Dämmerung,11.942387819290161,19.226192951202393,75,3,11.942387819290161
302,kommen,9.68810749053955,7.802095413208008,75,4,9.68810749053955
303,wir,4.025385856628418,6.457524299621582,75,5,4.025385856628418
304,heim,11.46569538116455,6.263585090637207,75,6,11.46569538116455
305,Er,20.50890350341797,8.896342277526855,151,1,
306,wird,7.514040470123291,10.31694507598877,151,2,7.514040470123291
307,ihr,10.246820449829102,8.583531379699707,151,3,10.246820449829102
308,ewig,12.389505386352539,10.225152015686035,151,4,12.389505386352539
309,treu,2.744263172149658,7.588050842285156,151,5,2.744263172149658
310,bleiben,2.123642683029175,1.8994704484939575,151,6,2.123642683029175
311,Über,20.358186721801758,8.896342277526855,43,1,
312,die,5.883896827697754,8.272714614868164,43,2,5.883896827697754
313,Felder,12.799066543579102,11.865619659423828,43,3,12.799066543579102
314,weht,10.657769203186035,7.670172214508057,43,4,10.657769203186035
315,ein,3.1372148990631104,7.096816539764404,43,5,3.1372148990631104
316,Wind,3.577136754989624,8.494085311889648,43,6,3.577136754989624
317,Hier,22.75847053527832,8.896342277526855,72,1,
318,richten,15.400181770324707,7.128101348876953,72,2,15.400181770324707
319,Zimmerleute,24.13601064682007,11.328326225280762,72,3,24.13601064682007
320,ein,5.790207862854004,7.290855884552002,72,4,5.790207862854004
321,Dach,7.689967155456543,9.813765525817871,72,5,7.689967155456543
322,Ein,18.193517684936523,8.896342277526855,117,1,
323,Stückchen,14.110528469085693,21.27329730987549,117,2,14.110528469085693
324,weiter,4.719342231750488,9.100107192993164,117,3,4.719342231750488
325,nördlich,7.82127571105957,8.016611099243164,117,4,7.82127571105957
326,ist,4.391478538513184,7.798948764801025,117,5,4.391478538513184
327,eine,4.277149200439453,6.234942436218262,117,6,4.277149200439453
328,Umgehungsstraße,12.939456962049007,15.736801952123642,117,7,12.939456962049007
329,In,16.59467887878418,8.896342277526855,165,1,
330,ihrem,14.786177635192871,9.440967559814453,165,2,14.786177635192871
331,Blick,8.897846221923828,10.664850234985352,165,3,8.897846221923828
332,lag,9.23358154296875,7.427986145019531,165,4,9.23358154296875
333,eine,3.363586664199829,5.9457621574401855,165,5,3.363586664199829
334,tiefe,8.519186019897461,10.8804931640625,165,6,8.519186019897461
335,Sehnsucht,6.803223133087158,8.382695198059082,165,7,6.803223133087158
336,Wir,18.92342758178711,8.896342277526855,65,1,
337,haben,3.106657028198242,6.8760480880737305,65,2,3.106657028198242
338,ein,5.255597114562988,7.938072681427002,65,3,5.255597114562988
339,Abteil,15.024820327758789,9.622590065002441,65,4,15.024820327758789
340,extra,9.624465942382812,6.691363334655762,65,5,9.624465942382812
341,für,1.4405896663665771,6.217947006225586,65,6,1.4405896663665771
342,uns,5.709448337554932,5.133936405181885,65,7,5.709448337554932
343,Schnaps,25.283236980438232,14.479447364807129,148,1,
344,im,6.466507434844971,8.03846549987793,148,2,6.466507434844971
345,Tee,9.463786125183105,9.556122779846191,148,3,9.463786125183105
346,verfälscht,18.60560917854309,13.845043063163757,148,4,18.60560917854309
347,das,6.248367786407471,6.018056869506836,148,5,6.248367786407471
348,Aroma,3.6508896350860596,8.689909934997559,148,6,3.6508896350860596
349,Das,18.880918502807617,8.896342277526855,4,1,
350,kalte,13.465460777282715,10.476740837097168,4,2,13.465460777282715
351,Licht,7.298732757568359,8.138507843017578,4,3,7.298732757568359
352,leuchtet,9.826178550720215,6.948145866394043,4,4,9.826178550720215
353,am,6.342466354370117,7.490530490875244,4,5,6.342466354370117
354,Morgen,4.123529434204102,7.358940124511719,4,6,4.123529434204102
355,Ihr,20.829755783081055,8.896342277526855,37,1,
356,Lachen,16.00145721435547,7.513422012329102,37,2,16.00145721435547
357,hallte,18.46022629737854,12.18208372592926,37,3,18.46022629737854
358,durch,2.4470531940460205,6.179851531982422,37,4,2.4470531940460205
359,den,2.1446657180786133,3.25644588470459,37,5,2.1446657180786133
360,leeren,8.84665298461914,4.727784156799316,37,6,8.84665298461914
361,Park,10.562987327575684,5.368365287780762,37,7,10.562987327575684
362,Nach,19.36050033569336,8.896342277526855,121,1,
363,der,2.751251220703125,6.32560396194458,121,2,2.751251220703125
364,harten,10.895621299743652,10.386000633239746,121,3,10.895621299743652
365,Arbeit,4.303979873657227,7.933823585510254,121,4,4.303979873657227
366,brauche,13.273750305175781,6.816054821014404,121,5,13.273750305175781
367,ich,0.1850622296333313,0.9830210208892822,121,6,0.1850622296333313
368,Zerstreuung,23.415913820266724,9.6369047164917,121,7,23.415913820266724
369,In,16.59467887878418,8.896342277526855,112,1,
370,den,7.409294128417969,9.440967559814453,112,2,7.409294128417969
371,Bergen,8.148595809936523,11.17539119720459,112,3,8.148595809936523
372,kann,8.597888946533203,7.484285354614258,112,4,8.597888946533203
373,man,1.7833545207977295,5.123144149780273,112,5,1.7833545207977295
374,Ski,10.73990249633789,8.02426528930664,112,6,10.73990249633789
375,laufen,4.361828804016113,3.4537227153778076,112,7,4.361828804016113
376,Am,19.10317039489746,8.896342277526855,156,1,
377,Himmel,9.766536712646484,9.972537994384766,156,2,9.766536712646484
378,fliegt,7.7450361251831055,8.566171646118164,156,3,7.7450361251831055
379,ein,3.0436127185821533,6.95424222946167,156,4,3.0436127185821533
380,Schwarm,8.887224319158122,10.309672880917788,156,5,8.887224319158122
381,Zugvögel,11.65282890573144,7.355209320783615,156,6,11.65282890573144
382,vorbei,4.428427696228027,5.366551876068115,156,7,4.428427696228027
383,Der,18.26059341430664,8.896342277526855,140,1,
384,Termin,12.229376792907715,11.863557815551758,140,2,12.229376792907715
385,des,5.173105239868164,5.83821439743042,140,3,5.173105239868164
386,Treffpunkts,13.885156393051147,12.206912517547607,140,4,13.885156393051147
387,wird,5.555561542510986,6.624663352966309,140,5,5.555561542510986
388,noch,5.267476558685303,6.859536647796631,140,6,5.267476558685303
389,abgesprochen,11.682457000017166,6.400660514831543,140,7,11.682457000017166
390,Die,17.841373443603516,8.896342277526855,178,1,
391,Sonne,10.431958198547363,12.353851318359375,178,2,10.431958198547363
392,strahlt,7.1544904708862305,6.8475117683410645,178,3,7.1544904708862305
393,am,3.8544394969940186,6.450398921966553,178,4,3.8544394969940186
394,wolkenlosen,17.469206243753433,9.304838359355927,178,5,17.469206243753433
395,Himmel,0.47151488065719604,2.458770751953125,178,6,0.47151488065719604
396,Die,17.841373443603516,8.896342277526855,189,1,
397,Uhr,11.589212417602539,12.353851318359375,189,2,11.589212417602539
398,tickt,6.402543932199478,8.018409132957458,189,3,6.402543932199478
399,ruhig,11.194345474243164,5.002845287322998,189,4,11.194345474243164
400,an,7.868368625640869,4.445033550262451,189,5,7.868368625640869
401,der,1.410555362701416,4.444516181945801,189,6,1.410555362701416
402,Wand,3.81787371635437,8.843481063842773,189,7,3.81787371635437
403,Zwölf,28.456396102905273,8.896342277526855,163,1,
404,Wanderer,14.476675987243652,9.106013298034668,163,2,14.476675987243652
405,wollen,7.652966499328613,7.786705017089844,163,3,7.652966499328613
406,den,4.130702018737793,7.545481204986572,163,4,4.130702018737793
407,Gipfel,6.512172698974609,10.148252487182617,163,5,6.512172698974609
408,erklimmen,3.358512468636036,5.648875385522842,163,6,3.358512468636036
409,Löst,29.631600379943848,19.416337966918945,64,1,
410,doch,11.503037452697754,7.9673614501953125,64,2,11.503037452697754
411,die,3.848928689956665,7.1583757400512695,64,3,3.848928689956665
412,Fahrkarten,15.912137508392334,18.69470453262329,64,4,15.912137508392334
413,am,7.572386264801025,5.876886367797852,64,5,7.572386264801025
414,Schalter!,6.955841302871704,11.339261531829834,64,6,6.955841302871704
415,Im,18.795394897460938,8.896342277526855,5,1,
416,Wald,9.5751953125,10.13779354095459,5,2,9.5751953125
417,plätschert,17.69515535235405,17.205913066864014,5,3,17.69515535235405
418,eine,4.49757719039917,5.531336307525635,5,4,4.49757719039917
419,dunkle,8.002593040466309,10.265737533569336,5,5,8.002593040466309
420,Quelle,8.119548797607422,7.763119220733643,5,6,8.119548797607422
421,Die,17.841373443603516,8.896342277526855,206,1,
422,Musik,10.160914421081543,12.353851318359375,206,2,10.160914421081543
423,erklingt,11.125269163399935,8.529298603534698,206,3,11.125269163399935
424,sanft,8.327799797058105,6.594292163848877,206,4,8.327799797058105
425,im,4.466048717498779,4.007755279541016,206,5,4.466048717498779
426,Raum,3.90939998626709,7.900315761566162,206,6,3.90939998626709
427,Der,18.26059341430664,8.896342277526855,213,1,
428,Nachbar,12.161871910095215,11.863557815551758,213,2,12.161871910095215
429,sang,13.849175453186035,8.925731658935547,213,3,13.849175453186035
430,unter,9.637847900390625,7.080657958984375,213,4,9.637847900390625
431,der,1.9047892093658447,5.060583114624023,213,5,1.9047892093658447
432,Dusche,5.936734676361084,7.32929801940918,213,6,5.936734676361084
433,Oper,14.947471618652344,6.086202144622803,213,7,14.947471618652344
434,Ein,18.193517684936523,8.896342277526855,217,1,
435,bunter,20.20849895477295,21.72451686859131,217,2,20.20849895477295
436,Schmetterling,8.885390281677246,8.984882354736328,217,3,8.885390281677246
437,tanzt,10.13815689086914,6.555981636047363,217,4,10.13815689086914
438,im,4.378085136413574,6.1702880859375,217,5,4.378085136413574
439,Sonnenlicht,9.634377211332321,11.62051510810852,217,6,9.634377211332321
440,Durch,20.922212600708008,8.896342277526855,13,1,
441,den,4.164959907531738,6.737635612487793,13,2,4.164959907531738
442,Regen,9.424359321594238,10.838671684265137,13,3,9.424359321594238
443,leuchtet,16.078401565551758,8.197505950927734,13,4,16.078401565551758
444,das,2.8744940757751465,5.160632133483887,13,5,2.8744940757751465
445,Feuer,7.7639875411987305,9.092049598693848,13,6,7.7639875411987305
446,Unser,23.488920211791992,8.896342277526855,93,1,
447,Doktor,17.538593292236328,8.851284980773926,93,2,17.538593292236328
448,besucht,13.413021087646484,8.671995162963867,93,3,13.413021087646484
449,Vater,11.535162925720215,7.141347885131836,93,4,11.535162925720215
450,täglich,10.921418190002441,7.876035690307617,93,5,10.921418190002441
451,Unserer,29.03703737258911,17.74762725830078,107,1,
452,Tante,13.976802825927734,11.302183151245117,107,2,13.976802825927734
453,fehlt,12.411294937133789,9.65543270111084,107,3,12.411294937133789
454,gar,7.06397819519043,6.1566162109375,107,4,7.06397819519043
455,nichts,0.5770264863967896,2.4082555770874023,107,5,0.5770264863967896
456,Böse,25.765317916870117,19.039607048034668,78,1,
457,Menschen,9.287423133850098,8.051026344299316,78,2,9.287423133850098
458,verdienen,11.294363975524902,8.267073631286621,78,3,11.294363975524902
459,ihre,6.914031028747559,7.850876331329346,78,4,6.914031028747559
460,Strafe,5.099333763122559,9.598358154296875,78,5,5.099333763122559
461,Ein,18.193517684936523,8.896342277526855,214,1,
462,leiser,15.269964218139648,11.972281455993652,214,2,15.269964218139648
463,Windhauch,15.00806372333318,15.847802512347698,214,3,15.00806372333318
464,streift,10.009802103042603,9.594506740570068,214,4,10.009802103042603
465,die,3.276479959487915,4.993448257446289,214,5,3.276479959487915
466,Wiesen,9.260902404785156,10.71008014678955,214,6,9.260902404785156
467,Der,18.26059341430664,8.896342277526855,169,1,
468,alte,10.052489280700684,11.863557815551758,169,2,10.052489280700684
469,Baum,6.876526832580566,10.464167594909668,169,3,6.876526832580566
470,knarrt,14.427504062652588,9.685792922973633,169,4,14.427504062652588
471,bei,6.464542388916016,5.707156658172607,169,5,6.464542388916016
472,jedem,5.438339710235596,7.817836761474609,169,6,5.438339710235596
473,Windstoß,10.68696665763855,11.253730297088623,169,7,10.68696665763855
474,Die,17.841373443603516,8.896342277526855,33,1,
475,Sonne,10.431958198547363,12.353851318359375,33,2,10.431958198547363
476,scheint,4.918088436126709,6.8475117683410645,33,3,4.918088436126709
477,am,3.8457493782043457,6.757388591766357,33,4,3.8457493782043457
478,blauen,9.193828582763672,6.690805912017822,33,5,9.193828582763672
479,Himmel,0.12735724449157715,0.7759743332862854,33,6,0.12735724449157715
480,Die,17.841373443603516,8.896342277526855,183,1,
481,Treppe,13.736370086669922,12.353851318359375,183,2,13.736370086669922
482,führt,5.958118438720703,7.06640625,183,3,5.958118438720703
483,ins,4.582635402679443,5.295040607452393,183,4,4.582635402679443
484,kuschelige,14.662560546770692,13.219524279236794,183,5,14.662560546770692
485,Schlafzimmer,3.821770668029785,8.272889137268066,183,6,3.821770668029785
486,Das,18.880918502807617,8.896342277526855,174,1,
487,Fahrrad,11.100773811340332,10.476740837097168,174,2,11.100773811340332
488,rollt,8.431753158569336,7.434080123901367,174,3,8.431753158569336
489,leise,10.363758087158203,7.082397937774658,174,4,10.363758087158203
490,über,3.8166327476501465,5.406844139099121,174,5,3.8166327476501465
491,Kopfsteinpflaster,15.612285360693932,8.775913506746292,174,6,15.612285360693932
492,Am,19.10317039489746,8.896342277526855,42,1,
493,blauen,15.75291919708252,9.972537994384766,42,2,15.75291919708252
494,Himmel,5.474097728729248,9.808736801147461,42,3,5.474097728729248
495,ziehen,10.761554718017578,8.095654487609863,42,4,10.761554718017578
496,die,2.374051570892334,7.290371417999268,42,5,2.374051570892334
497,Wolken,3.899606704711914,9.78251838684082,42,6,3.899606704711914
498,Senioren,29.162474155426025,18.27475070953369,234,1,
499,machen,10.111557006835938,9.264995574951172,234,2,10.111557006835938
500,morgendliche,22.46473017334938,14.28802752494812,234,3,22.46473017334938
501,Gymnastik,6.193582057952881,7.180398941040039,234,4,6.193582057952881
502,im,4.931023120880127,4.491951942443848,234,5,4.931023120880127
503,Park,5.2828826904296875,8.590553283691406,234,6,5.2828826904296875
504,Ein,18.193517684936523,8.896342277526855,147,1,
505,primitiver,18.57241439819336,13.360612750053406,147,2,18.57241439819336
506,Mensch,5.759706020355225,10.842717170715332,147,3,5.759706020355225
507,wird,6.269317150115967,6.947860240936279,147,4,6.269317150115967
508,keine,8.35600471496582,8.41347885131836,147,5,8.35600471496582
509,Scheu,9.476546287536621,15.762708187103271,147,6,9.476546287536621
510,kennen,9.187207221984863,2.7334470748901367,147,7,9.187207221984863
511,Wild,23.5024471282959,8.896342277526855,6,1,
512,pfeift,20.900712490081787,12.413488864898682,6,2,20.900712490081787
513,der,5.361660480499268,7.838319778442383,6,3,5.361660480499268
514,Wind,4.221348762512207,10.052495956420898,6,4,4.221348762512207
515,durch,5.659083843231201,6.423492431640625,6,5,5.659083843231201
516,die,1.174446702003479,4.349084854125977,6,6,1.174446702003479
517,Wände,8.90900707244873,9.619235038757324,6,7,8.90900707244873
518,Fünf,24.792808532714844,8.896342277526855,131,1,
519,Filmtitel,19.530807495117188,17.014016151428223,131,2,19.530807495117188
520,müssen,9.642609596252441,6.774543762207031,131,3,9.642609596252441
521,wir,6.054451942443848,8.160033226013184,131,4,6.054451942443848
522,aufschreiben,9.801387310028076,15.346218585968018,131,5,9.801387310028076
523,Die,17.841373443603516,8.896342277526855,36,1,
524,Freunde,12.50234317779541,12.353851318359375,36,2,12.50234317779541
525,schauten,13.8319810628891,11.730907440185547,36,3,13.8319810628891
526,verwirrt,12.279855728149414,6.571958541870117,36,4,12.279855728149414
527,auf,3.6555585861206055,5.215112686157227,36,5,3.6555585861206055
528,ihr,5.6334967613220215,4.246931076049805,36,6,5.6334967613220215
529,Getränk,12.979921340942383,6.439548015594482,36,7,12.979921340942383
530,Die,17.841373443603516,8.896342277526855,187,1,
531,Wolken,13.649327278137207,12.353851318359375,187,2,13.649327278137207
532,malen,16.249977111816406,8.339712142944336,187,3,16.249977111816406
533,Geschichten,13.258459091186523,5.364497184753418,187,4,13.258459091186523
534,am,8.778038024902344,4.885866165161133,187,5,8.778038024902344
535,Himmel,0.8948274254798889,4.88498592376709,187,6,0.8948274254798889
536,Die,17.841373443603516,8.896342277526855,250,1,
537,Freunde,12.50234317779541,12.353851318359375,250,2,12.50234317779541
538,treffen,10.583637237548828,6.040496826171875,250,3,10.583637237548828
539,sich,0.7268698811531067,4.069108009338379,250,4,0.7268698811531067
540,am,2.729706287384033,6.07428503036499,250,5,2.729706287384033
541,See,10.279786109924316,6.283270835876465,250,6,10.279786109924316
542,Es,18.274593353271484,8.896342277526855,114,1,
543,wird,5.009408950805664,9.535748481750488,114,2,5.009408950805664
544,auch,5.264883995056152,8.710729598999023,114,3,5.264883995056152
545,da,10.25925064086914,8.115331649780273,114,4,10.25925064086914
546,chinesisch,18.80667218565941,9.752294898033142,114,5,18.80667218565941
547,gesprochen,3.6440954208374023,7.100309371948242,114,6,3.6440954208374023
548,Der,18.26059341430664,8.896342277526855,210,1,
549,Regenbogen,16.11282730102539,11.863557815551758,210,2,16.11282730102539
550,endete,16.219074249267578,7.628067493438721,210,3,16.219074249267578
551,im,4.642108917236328,6.623707294464111,210,4,4.642108917236328
552,Blumentopf,13.08983812481165,14.893281519412994,210,5,13.08983812481165
553,Die,17.841373443603516,8.896342277526855,153,1,
554,Melodie,15.276640892028809,12.353851318359375,153,2,15.276640892028809
555,klingt,7.970864295959473,7.162233829498291,153,3,7.970864295959473
556,nach,5.199459552764893,7.828848838806152,153,4,5.199459552764893
557,Sommer,9.982829093933105,9.026695251464844,153,5,9.982829093933105
558,Fünf,24.792808532714844,8.896342277526855,14,1,
559,Freunde,9.750222206115723,8.818887710571289,14,2,9.750222206115723
560,wollen,8.155763626098633,7.805230617523193,14,3,8.155763626098633
561,die,4.500009536743164,8.697731971740723,14,4,4.500009536743164
562,Welt,2.990478754043579,10.463363647460938,14,5,2.990478754043579
563,bereisen,7.14906794577837,3.3469892740249634,14,6,7.14906794577837
564,Die,17.841373443603516,8.896342277526855,243,1,
565,Bäckerin,19.57594060897827,22.176549434661865,243,2,19.57594060897827
566,singt,14.422754287719727,7.4752678871154785,243,3,14.422754287719727
567,fröhlich,8.953498840332031,7.432411193847656,243,4,8.953498840332031
568,beim,9.445406913757324,5.385462284088135,243,5,9.445406913757324
569,Brötchenbacken,18.19055870930606,14.227479535795283,243,6,18.19055870930606
570,Leise,26.878501892089844,19.416337966918945,67,1,
571,rollen,15.114686012268066,8.951584815979004,67,2,15.114686012268066
572,wir,5.242596626281738,6.694339752197266,67,3,5.242596626281738
573,aus,7.827346324920654,6.926085472106934,67,4,7.827346324920654
574,dem,1.914556860923767,5.045051097869873,67,5,1.914556860923767
575,Bahnhof,6.9119038581848145,10.11790657043457,67,6,6.9119038581848145
576,Wenn,19.751873016357422,8.896342277526855,110,1,
577,der,5.092999458312988,5.797004222869873,110,2,5.092999458312988
578,Schnee,8.993623733520508,11.480271339416504,110,3,8.993623733520508
579,schmilzt,4.812618826515973,7.846904177218676,110,4,4.812618826515973
580,kommt,9.281585693359375,3.1588690280914307,110,5,9.281585693359375
581,der,2.764238119125366,5.855194091796875,110,6,2.764238119125366
582,Frühling,4.28512716293335,7.475700855255127,110,7,4.28512716293335
583,Schulkinder,29.47624635696411,16.9352970123291,108,1,
584,müssen,8.934040069580078,8.374897956848145,108,2,8.934040069580078
585,Rechnen,19.146526992321014,11.850319385528564,108,3,19.146526992321014
586,und,3.020717144012451,3.6763510704040527,108,4,3.020717144012451
587,Schreiben,1.6993483304977417,7.532681465148926,108,5,1.6993483304977417
588,lernen,0.6320639252662659,3.277015447616577,108,6,0.6320639252662659
589,Es,18.274593353271484,8.896342277526855,73,1,
590,gehört,8.86989974975586,9.535748481750488,73,2,8.86989974975586
591,zu,2.232254981994629,6.477744102478027,73,3,2.232254981994629
592,einer,3.8328094482421875,3.7970595359802246,73,4,3.8328094482421875
593,Feldscheune,21.456709584221244,16.985670059919357,73,5,21.456709584221244
594,Vor,20.324384689331055,8.896342277526855,195,1,
595,dem,3.8766980171203613,8.551308631896973,195,2,3.8766980171203613
596,Fenster,10.264361381530762,9.930338859558105,195,3,10.264361381530762
597,summt,14.96192780137062,9.983260154724121,195,4,14.96192780137062
598,eine,3.822709560394287,4.67643928527832,195,5,3.822709560394287
599,kleine,5.540401458740234,8.96027660369873,195,6,5.540401458740234
600,Biene,8.561696380376816,9.021732807159424,195,7,8.561696380376816
601,Englische,28.69249415397644,14.694868087768555,111,1,
602,Kriminalromane,19.82211788929999,11.716076910495758,111,2,19.82211788929999
603,sind,6.134303092956543,6.589078903198242,111,3,6.134303092956543
604,ihm,11.417885780334473,8.620872497558594,111,4,11.417885780334473
605,die,8.444470405578613,6.964169502258301,111,5,8.444470405578613
606,liebste,11.703377723693848,12.913317918777466,111,6,11.703377723693848
607,Lektüre,1.6647683382034302,6.260518550872803,111,7,1.6647683382034302
608,Im,18.795394897460938,8.896342277526855,22,1,
609,Park,10.992694854736328,10.13779354095459,22,2,10.992694854736328
610,traf,13.622249603271484,8.576842308044434,22,3,13.622249603271484
611,ich,4.181976318359375,5.57589054107666,22,4,4.181976318359375
612,meinen,6.403014659881592,6.918325901031494,22,5,6.403014659881592
613,Deutschlehrer,12.635559558868408,9.438859939575195,22,6,12.635559558868408
614,Mein,21.273773193359375,8.896342277526855,216,1,
615,Chef,10.012356758117676,6.385216236114502,216,2,10.012356758117676
616,hat,3.1370115280151367,7.390500068664551,216,3,3.1370115280151367
617,eine,5.424851894378662,6.744319915771484,216,4,5.424851894378662
618,seltsame,9.56627082824707,9.65262222290039,216,5,9.56627082824707
619,Frisur,9.310811970033683,7.913419594988227,216,6,9.310811970033683
620,Danach,24.45443344116211,8.896342277526855,54,1,
621,tut,12.867010116577148,9.225940704345703,54,2,12.867010116577148
622,eine,9.244946479797363,3.996192693710327,54,3,9.244946479797363
623,Wanderung,10.48648738861084,10.994364738464355,54,4,10.48648738861084
624,gut,3.2192673683166504,6.922198295593262,54,5,3.2192673683166504
625,Er,20.50890350341797,8.896342277526855,62,1,
626,gewinnt,13.483968734741211,10.31694507598877,62,2,13.483968734741211
627,sechs,10.32939624786377,7.898137092590332,62,3,10.32939624786377
628,Spiele,3.3115034103393555,7.388752460479736,62,4,3.3115034103393555
629,nacheinander,7.175304889678955,4.150445938110352,62,5,7.175304889678955
630,Ein,18.193517684936523,8.896342277526855,70,1,
631,Bauer,10.349708557128906,11.972281455993652,70,2,10.349708557128906
632,arbeitet,9.32158374786377,8.228032112121582,70,3,9.32158374786377
633,auf,4.162899971008301,6.293095588684082,70,4,4.162899971008301
634,seinem,4.699599742889404,5.858663082122803,70,5,4.699599742889404
635,Acker,2.8850600719451904,4.90427303314209,70,6,2.8850600719451904
636,Sie,18.278270721435547,8.896342277526855,88,1,
637,isst,13.443939208984375,7.353473663330078,88,2,13.443939208984375
638,kein,6.70699405670166,8.441743850708008,88,3,6.70699405670166
639,salziges,13.218497782945633,9.592968702316284,88,4,13.218497782945633
640,Gericht,3.883324384689331,6.2810750007629395,88,5,3.883324384689331
641,Im,18.795394897460938,8.896342277526855,47,1,
642,Geschäft,10.296730041503906,10.13779354095459,47,2,10.296730041503906
643,stehen,9.300557136535645,6.624570846557617,47,3,9.300557136535645
644,viele,5.877043724060059,9.161784172058105,47,4,5.877043724060059
645,Leute,7.35395622253418,10.505497932434082,47,5,7.35395622253418
646,Der,18.26059341430664,8.896342277526855,179,1,
647,Laptop,15.210901260375977,11.863557815551758,179,2,15.210901260375977
648,surft,18.29054093360901,8.522183656692505,179,3,18.29054093360901
649,schnell,10.18456745147705,6.871997356414795,179,4,10.18456745147705
650,im,4.99366569519043,4.811842441558838,179,5,4.99366569519043
651,Internet,1.27522873878479,4.1122565269470215,179,6,1.27522873878479
652,Der,18.26059341430664,8.896342277526855,247,1,
653,Postbote,13.966895580291748,19.37484312057495,247,2,13.966895580291748
654,liest,9.872869491577148,8.356805801391602,247,3,9.872869491577148
655,Gedichte,9.652458190917969,7.6874680519104,247,4,9.652458190917969
656,beim,11.092340469360352,4.169951438903809,247,5,11.092340469360352
657,Zustellen,12.354381084442139,14.349079847335815,247,6,12.354381084442139
658,Die,17.841373443603516,8.896342277526855,18,1,
659,Waschmaschine,14.726131439208984,12.353851318359375,18,2,14.726131439208984
660,summt,16.114666402339935,9.369134902954102,18,3,16.114666402339935
661,sanft,9.55604076385498,5.152376174926758,18,4,9.55604076385498
662,im,4.7532243728637695,5.625667095184326,18,5,4.7532243728637695
663,Hintergrund,3.707913398742676,8.244807243347168,18,6,3.707913398742676
664,Der,18.26059341430664,8.896342277526855,122,1,
665,Löwe,12.969722747802734,11.863557815551758,122,2,12.969722747802734
666,schleicht,11.803845405578613,12.856908798217773,122,3,11.803845405578613
667,im,4.277546405792236,6.404397010803223,122,4,4.277546405792236
668,Käfig,8.152897834777832,9.981573104858398,122,5,8.152897834777832
669,umher,2.455554246902466,5.511909484863281,122,6,2.455554246902466
670,Vor,20.324384689331055,8.896342277526855,154,1,
671,dem,3.8766980171203613,8.551308631896973,154,2,3.8766980171203613
672,Haus,8.06407356262207,9.930338859558105,154,3,8.06407356262207
673,blühen,13.92751133441925,12.49327278137207,154,4,13.92751133441925
674,bunte,7.504697322845459,9.024503707885742,154,5,7.504697322845459
675,Blumenbeete,11.38030869094655,11.335797257721424,154,6,11.38030869094655
676,Stehend,26.173611640930176,14.61005163192749,81,1,
677,macht,14.180011749267578,7.580311298370361,81,2,14.180011749267578
678,man,5.08513879776001,6.592504501342773,81,3,5.08513879776001
679,seine,8.647136688232422,6.314481735229492,81,4,8.647136688232422
680,Aussage,10.05081844329834,8.337549209594727,81,5,10.05081844329834
681,Die,17.841373443603516,8.896342277526855,242,1,
682,Verkäuferin,15.337624300271273,12.654442250728607,242,2,15.337624300271273
683,hat,4.592029094696045,8.294419288635254,242,3,4.592029094696045
684,einen,4.740416526794434,7.533530235290527,242,4,4.740416526794434
685,ungewöhnlichen,8.110953330993652,10.845874786376953,242,5,8.110953330993652
686,Akzent,11.069377899169922,8.243282318115234,242,6,11.069377899169922
687,Die,17.841373443603516,8.896342277526855,134,1,
688,letztmalige,19.349767923355103,17.487149238586426,134,2,19.349767923355103
689,Feststellung,9.326681137084961,10.261311531066895,134,3,9.326681137084961
690,war,9.958398818969727,3.5224697589874268,134,4,9.958398818969727
691,eindrucksvoll,12.121366500854492,7.209221839904785,134,5,12.121366500854492
692,Sein,20.844966888427734,8.896342277526855,38,1,
693,Singen,16.486753463745117,9.96447467803955,38,2,16.486753463745117
694,erfüllte,12.711058616638184,7.4742937088012695,38,3,12.711058616638184
695,den,3.551628351211548,5.815524578094482,38,4,3.551628351211548
696,stillen,8.311544418334961,7.885405540466309,38,5,8.311544418334961
697,Wald,8.032698631286621,7.779889106750488,38,6,8.032698631286621
698,Die,17.841373443603516,8.896342277526855,32,1,
699,Katze,12.668371200561523,12.353851318359375,32,2,12.668371200561523
700,schläft,10.042825698852539,8.112292289733887,32,3,10.042825698852539
701,auf,5.363627910614014,6.5008158683776855,32,4,5.363627910614014
702,dem,1.156336784362793,4.027059555053711,32,5,1.156336784362793
703,Sofa,3.1284401416778564,5.956660747528076,32,6,3.1284401416778564
704,In,16.59467887878418,8.896342277526855,155,1,
705,der,5.123151779174805,9.440967559814453,155,2,5.123151779174805
706,Bucht,11.352937698364258,11.313309669494629,155,3,11.352937698364258
707,glitzern,20.544626772403717,13.37779951095581,155,4,20.544626772403717
708,die,1.6565557718276978,6.3335418701171875,155,5,1.6565557718276978
709,silbernen,10.671492576599121,8.318746566772461,155,6,10.671492576599121
710,Wellen,4.138484477996826,8.880613327026367,155,7,4.138484477996826
711,Geld,27.671890258789062,8.896342277526855,77,1,
712,allein,14.350530624389648,9.352362632751465,77,2,14.350530624389648
713,macht,6.602752685546875,8.589282989501953,77,3,6.602752685546875
714,nicht,4.015394687652588,7.054602146148682,77,4,4.015394687652588
715,glücklich,3.0234124660491943,5.96782112121582,77,5,3.0234124660491943
716,Auf,20.565061569213867,8.896342277526855,19,1,
717,dem,3.501103639602661,8.60616397857666,19,2,3.501103639602661
718,Gehweg,10.010876655578613,9.935173988342285,19,3,10.010876655578613
719,quietschen,15.798264801502228,10.037046432495117,19,4,15.798264801502228
720,Kinderfahrräder,23.265684992074966,15.272546172142029,19,5,23.265684992074966
721,Zum,21.643373489379883,8.896342277526855,98,1,
722,Ausweis,17.379180908203125,10.752732276916504,98,2,17.379180908203125
723,gehört,8.881120681762695,7.042790412902832,98,3,8.881120681762695
724,ein,3.1720001697540283,5.122876167297363,98,4,3.1720001697540283
725,Lichtbild,8.453295886516571,14.732690811157227,98,5,8.453295886516571
726,Der,18.26059341430664,8.896342277526855,71,1,
727,Pflug,16.58088582754135,14.831550121307373,71,2,16.58088582754135
728,zieht,8.376036643981934,8.034839630126953,71,3,8.376036643981934
729,tiefe,15.85179328918457,6.777962684631348,71,4,15.85179328918457
730,Furchen,7.369287146255374,7.137044548988342,71,5,7.369287146255374
731,Ein,18.193517684936523,8.896342277526855,228,1,
732,Künstler,11.979697227478027,11.972281455993652,228,2,11.979697227478027
733,malt,8.995110511779785,7.925637722015381,228,3,8.995110511779785
734,Porträts,7.471176624298096,7.775117874145508,228,4,7.471176624298096
735,auf,4.6026835441589355,4.550579071044922,228,5,4.6026835441589355
736,dem,3.8027544021606445,7.879096508026123,228,6,3.8027544021606445
737,Marktplatz,9.218244552612305,9.270451545715332,228,7,9.218244552612305
738,Vater,28.328880310058594,8.896342277526855,61,1,
739,mischt,16.316869735717773,8.941822052001953,61,2,16.316869735717773
740,gleich,10.799084663391113,7.84602165222168,61,3,10.799084663391113
741,die,4.616557598114014,6.490327835083008,61,4,4.616557598114014
742,Karten,9.829293251037598,9.756513595581055,61,5,9.829293251037598
743,Der,18.26059341430664,8.896342277526855,246,1,
744,Kellner,14.229482650756836,11.863557815551758,246,2,14.229482650756836
745,jongliert,16.31689004600048,14.758292496204376,246,3,16.31689004600048
746,mit,2.2760117053985596,7.076601028442383,246,4,2.2760117053985596
747,den,4.362401008605957,8.893014907836914,246,5,4.362401008605957
748,Speisekarten,11.441617965698242,13.784797191619873,246,6,11.441617965698242
749,Im,18.795394897460938,8.896342277526855,162,1,
750,Meer,11.922700881958008,10.13779354095459,162,2,11.922700881958008
751,tummeln,8.567334175109863,12.06510066986084,162,3,8.567334175109863
752,sich,0.14100947976112366,0.9126726984977722,162,4,0.14100947976112366
753,faszinierende,12.108660697937012,8.475024223327637,162,5,12.108660697937012
754,Lebensformen,12.543696284294128,10.720799207687378,162,6,12.543696284294128
755,Ein,18.193517684936523,8.896342277526855,221,1,
756,älteres,13.018251836299896,13.68385124206543,221,2,13.018251836299896
757,Paar,3.681711196899414,7.685853004455566,221,3,3.681711196899414
758,spaziert,12.269081830978394,11.030492126941681,221,4,12.269081830978394
759,Hand,16.632244110107422,5.465478897094727,221,5,16.632244110107422
760,in,0.0555027537047863,0.4334140717983246,221,6,0.0555027537047863
761,Hand,0.0028108691330999136,0.03289888799190521,221,7,0.0028108691330999136
762,Vor,20.324384689331055,8.896342277526855,115,1,
763,der,4.493006706237793,8.551308631896973,115,2,4.493006706237793
764,Hütte,10.659314155578613,10.19846248626709,115,3,10.659314155578613
765,sitzt,10.488594055175781,8.265031814575195,115,4,10.488594055175781
766,ein,2.054619789123535,6.86637020111084,115,5,2.054619789123535
767,großer,7.31368350982666,9.150373458862305,115,6,7.31368350982666
768,Heuhaufen,15.039294242858887,12.11412262916565,115,7,15.039294242858887
769,Autos,27.049814224243164,8.896342277526855,29,1,
770,fahren,10.18517780303955,8.455971717834473,29,2,10.18517780303955
771,auf,6.087057590484619,7.402360916137695,29,3,6.087057590484619
772,der,1.7452925443649292,6.865262031555176,29,4,1.7452925443649292
773,Straße,3.520036220550537,6.36302375793457,29,5,3.520036220550537
774,Der,18.26059341430664,8.896342277526855,170,1,
775,Kaffeeplausch,29.90872073173523,24.64525032043457,170,2,29.90872073173523
776,wurde,6.423048496246338,7.161454677581787,170,3,6.423048496246338
777,von,3.3439483642578125,7.617518424987793,170,4,3.3439483642578125
778,Ameisen,17.328710556030273,8.217677116394043,170,5,17.328710556030273
779,gestört,5.342335224151611,8.407739639282227,170,6,5.342335224151611
780,Der,18.26059341430664,8.896342277526855,171,1,
781,Fernseher,13.364715576171875,11.863557815551758,171,2,13.364715576171875
782,spielt,7.878355979919434,6.8108015060424805,171,3,7.878355979919434
783,eigenwillige,21.36159658432007,9.301527261734009,171,4,21.36159658432007
784,Liebesfilme,17.286691665649414,11.537270307540894,171,5,17.286691665649414
785,Beim,23.087114334106445,8.896342277526855,143,1,
786,Studienkurs,24.224913597106934,16.17026948928833,143,2,24.224913597106934
787,musst,12.60438346862793,8.344499588012695,143,3,12.60438346862793
788,Du,2.5562806129455566,1.0954509973526,143,4,2.5562806129455566
789,ernsthaft,13.68612289428711,7.658444404602051,143,5,13.68612289428711
790,lernen,4.865781307220459,7.176876068115234,143,6,4.865781307220459
791,Vater,28.328880310058594,8.896342277526855,49,1,
792,will,10.127584457397461,8.941822052001953,49,2,10.127584457397461
793,sich,4.236828804016113,8.791901588439941,49,3,4.236828804016113
794,eine,7.330606460571289,7.575799942016602,49,4,7.330606460571289
795,Pfeife,13.749608755111694,12.889417171478271,49,5,13.749608755111694
796,anzünden,7.559412315487862,11.56286758184433,49,6,7.559412315487862
797,Im,18.795394897460938,8.896342277526855,196,1,
798,Gebirge,12.879518508911133,10.13779354095459,196,2,12.879518508911133
799,glitzern,20.35369861125946,15.103126049041748,196,3,20.35369861125946
800,die,1.699536681175232,7.257920742034912,196,4,1.699536681175232
801,schneebedeckten,7.979607881978154,10.320632249116898,196,5,7.979607881978154
802,Gipfel,1.319909930229187,4.990538120269775,196,6,1.319909930229187
803,Öfen,25.395389080047607,17.01487636566162,85,1,
804,brauchen,14.031652450561523,8.067094802856445,85,2,14.031652450561523
805,Kohlen,12.158315658569336,8.19211483001709,85,3,12.158315658569336
806,und,7.510935306549072,2.5650200843811035,85,4,7.510935306549072
807,Briketts,7.603469485417008,9.03341519832611,85,5,7.603469485417008
808,Die,17.841373443603516,8.896342277526855,145,1,
809,Hilfsmannschaft,22.51644802093506,20.623971939086914,145,2,22.51644802093506
810,setzt,8.93359375,7.481060028076172,145,3,8.93359375
811,sich,0.863479733467102,3.799647331237793,145,4,0.863479733467102
812,in,5.903004169464111,4.0027666091918945,145,5,5.903004169464111
813,Marsch,8.970691680908203,7.756712913513184,145,6,8.970691680908203
814,In,16.59467887878418,8.896342277526855,236,1,
815,der,5.123151779174805,9.440967559814453,236,2,5.123151779174805
816,Galerie,10.61993408203125,11.313309669494629,236,3,10.61993408203125
817,bewundern,14.458456039428711,8.46546745300293,236,4,14.458456039428711
818,Besucher,8.437372207641602,4.541286945343018,236,5,8.437372207641602
819,zeitgenössische,11.575786590576172,6.362775802612305,236,6,11.575786590576172
820,Kunst,1.9031901359558105,4.795858383178711,236,7,1.9031901359558105
821,Auf,20.565061569213867,8.896342277526855,255,1,
822,dem,3.501103639602661,8.60616397857666,255,2,3.501103639602661
823,Dach,5.513571739196777,9.935173988342285,255,3,5.513571739196777
824,singt,17.358036041259766,6.2472124099731445,255,4,17.358036041259766
825,fröhlich,13.822668075561523,6.768197059631348,255,5,13.822668075561523
826,ein,2.612008571624756,5.770069599151611,255,6,2.612008571624756
827,Vogel,6.170755863189697,8.676154136657715,255,7,6.170755863189697
828,Flüsternd,37.25543212890625,17.71942138671875,9,1,
829,erzählt,7.832560062408447,8.302375793457031,9,2,7.832560062408447
830,der,3.295955181121826,6.723277568817139,9,3,3.295955181121826
831,Wind,12.67844009399414,10.05073356628418,9,4,12.67844009399414
832,Geschichten,10.855813026428223,7.5210185050964355,9,5,10.855813026428223
833,Der,18.26059341430664,8.896342277526855,191,1,
834,Kamin,13.853565216064453,11.863557815551758,191,2,13.853565216064453
835,verbreitet,15.654346466064453,7.357359886169434,191,3,15.654346466064453
836,wohlige,13.235569953918457,15.805546283721924,191,4,13.235569953918457
837,Wärme,0.496931791305542,2.973642349243164,191,5,0.496931791305542
838,Unsere,23.85869789123535,8.896342277526855,95,1,
839,beiden,13.050570487976074,8.805022239685059,95,2,13.050570487976074
840,Hunde,10.66431999206543,11.146570205688477,95,3,10.66431999206543
841,haben,4.233005523681641,7.608604431152344,95,4,4.233005523681641
842,Durst,12.090951919555664,7.674030780792236,95,5,12.090951919555664
843,Im,18.795394897460938,8.896342277526855,125,1,
844,Dschungel,11.382284164428711,10.13779354095459,125,2,11.382284164428711
845,herrscht,12.412354469299316,7.530121326446533,125,3,12.412354469299316
846,skrupellose,19.836010619997978,10.740687370300293,125,4,19.836010619997978
847,Lebensform,15.627386093139648,12.004561424255371,125,5,15.627386093139648
848,Die,17.841373443603516,8.896342277526855,222,1,
849,Freunde,12.50234317779541,12.353851318359375,222,2,12.50234317779541
850,teilen,14.040724754333496,6.040496826171875,222,3,14.040724754333496
851,Geschichten,11.252501487731934,7.3185343742370605,222,4,11.252501487731934
852,am,9.834639549255371,4.574518203735352,222,5,9.834639549255371
853,Lagerfeuer,6.919976356439292,8.254719816148281,222,6,6.919976356439292
854,Nach,19.36050033569336,8.896342277526855,141,1,
855,einer,4.493344783782959,6.32560396194458,141,2,4.493344783782959
856,Umfrage,7.952204704284668,10.032258033752441,141,3,7.952204704284668
857,kennt,15.78965950012207,4.660552978515625,141,4,15.78965950012207
858,niemand,6.639957904815674,6.1195244789123535,141,5,6.639957904815674
859,dieses,9.432990074157715,4.649845600128174,141,6,9.432990074157715
860,Fremdwort,15.526683270931244,10.152954339981079,141,7,15.526683270931244
861,Der,18.26059341430664,8.896342277526855,259,1,
862,Nachbar,12.161871910095215,11.863557815551758,259,2,12.161871910095215
863,trägt,10.703692436218262,8.925731658935547,259,3,10.703692436218262
864,heute,9.624059677124023,7.855948448181152,259,4,9.624059677124023
865,einen,4.27130126953125,7.924367904663086,259,5,4.27130126953125
866,bunten,9.383341789245605,9.98654556274414,259,6,9.383341789245605
867,Anzug,5.54464054107666,8.538957595825195,259,7,5.54464054107666
868,Achtlos,30.46332836151123,18.938663482666016,133,1,
869,wirft,11.585009574890137,7.457403182983398,133,2,11.585009574890137
870,der,3.6353235244750977,4.512894153594971,133,3,3.6353235244750977
871,Knirps,13.822208331897855,13.706894546747208,133,4,13.822208331897855
872,Matsch,18.8232684135437,13.826898097991943,133,5,18.8232684135437
873,durchs,8.296334266662598,6.518620014190674,133,6,8.296334266662598
874,Eckfenster,16.166232585906982,11.798527717590332,133,7,16.166232585906982
875,Der,18.26059341430664,8.896342277526855,197,1,
876,Bus,10.552653312683105,11.863557815551758,197,2,10.552653312683105
877,fährt,4.526494979858398,7.620080471038818,197,3,4.526494979858398
878,durch,5.484228134155273,7.334967136383057,197,4,5.484228134155273
879,die,1.5203005075454712,5.466204643249512,197,5,1.5203005075454712
880,Stadt,3.69012451171875,10.058928489685059,197,6,3.69012451171875
881,Die,17.841373443603516,8.896342277526855,218,1,
882,Straßenlaternen,18.8879311401397,21.392315685749054,218,2,18.8879311401397
883,leuchten,6.858962535858154,7.105685710906982,218,3,6.858962535858154
884,im,4.4581804275512695,6.98953914642334,218,4,4.4581804275512695
885,Abendnebel,15.218759743496776,11.584720060229301,218,5,15.218759743496776
886,Der,18.26059341430664,8.896342277526855,12,1,
887,Fluss,12.373941421508789,11.863557815551758,12,2,12.373941421508789
888,plätschert,12.92824012041092,12.403627067804337,12,3,12.92824012041092
889,sanft,12.269071578979492,5.846625804901123,12,4,12.269071578979492
890,durch,5.0952959060668945,3.3296704292297363,12,5,5.0952959060668945
891,das,2.8400323390960693,4.7095818519592285,12,6,2.8400323390960693
892,Tal,5.2440009117126465,9.333906173706055,12,7,5.2440009117126465
893,Kollegen,26.83194351196289,8.896342277526855,238,1,
894,feiern,11.19192123413086,8.659833908081055,238,2,11.19192123413086
895,den,4.696863174438477,7.720358848571777,238,3,4.696863174438477
896,Abschluss,6.1881022453308105,9.65587043762207,238,4,6.1881022453308105
897,eines,5.887824535369873,4.588479042053223,238,5,5.887824535369873
898,erfolgreichen,6.145852088928223,10.277599334716797,238,6,6.145852088928223
899,Projekts,6.955258369445801,9.184202194213867,238,7,6.955258369445801
900,Ängstlich,38.776127338409424,33.08543109893799,132,1,
901,begreifst,23.722569465637207,18.333000659942627,132,2,23.722569465637207
902,du,3.2002735137939453,3.3494210243225098,132,3,3.2002735137939453
903,Omas,23.096741199493408,14.330467700958252,132,4,23.096741199493408
904,Lage,11.167224884033203,11.352814674377441,132,5,11.167224884033203
905,Die,17.841373443603516,8.896342277526855,212,1,
906,Tomate,18.524468898773193,18.32457733154297,212,2,18.524468898773193
907,im,6.421987056732178,7.515722274780273,212,3,6.421987056732178
908,Kühlschrank,4.933122634887695,9.722221374511719,212,4,4.933122634887695
909,keimte,19.786057472229004,11.24993371963501,212,5,19.786057472229004
910,Nervöse,35.467705726623535,27.059629440307617,80,1,
911,Menschen,8.727949142456055,9.982706069946289,80,2,8.727949142456055
912,brauchen,7.362180709838867,7.444604396820068,80,3,7.362180709838867
913,viel,6.055804252624512,8.709077835083008,80,4,6.055804252624512
914,Ruhe,4.218612194061279,6.709874153137207,80,5,4.218612194061279
915,Am,19.10317039489746,8.896342277526855,146,1,
916,Samstag,5.410427570343018,9.972537994384766,146,2,5.410427570343018
917,öffnet,9.485006332397461,5.71616268157959,146,3,9.485006332397461
918,der,2.423877239227295,4.282245635986328,146,4,2.423877239227295
919,Kiosk,9.987699508666992,10.343128204345703,146,5,9.987699508666992
920,erstmals,9.748942375183105,6.708564281463623,146,6,9.748942375183105
921,Das,18.880918502807617,8.896342277526855,158,1,
922,Echo,12.60468864440918,10.476740837097168,158,2,12.60468864440918
923,trägt,12.863679885864258,7.4846510887146,158,3,12.863679885864258
924,Gedichte,15.488301277160645,7.607203006744385,158,4,15.488301277160645
925,fort,11.560842514038086,5.175163269042969,158,5,11.560842514038086
926,Das,18.880918502807617,8.896342277526855,35,1,
927,Baby,11.776519775390625,10.476740837097168,35,2,11.776519775390625
928,lachte,16.592618942260742,14.206082820892334,35,3,16.592618942260742
929,über,5.496882438659668,6.254480838775635,35,4,5.496882438659668
930,die,2.006300449371338,5.160038471221924,35,5,2.006300449371338
931,fliegenden,13.753800392150879,15.784305572509766,35,6,13.753800392150879
932,Luftballons,11.573370032012463,12.103612005710602,35,7,11.573370032012463
933,Seine,22.59528160095215,8.896342277526855,50,1,
934,Frau,7.1066670417785645,11.391192436218262,50,2,7.1066670417785645
935,macht,8.61947250366211,8.396602630615234,50,3,8.61947250366211
936,ein,5.904200077056885,7.323162078857422,50,4,5.904200077056885
937,trauriges,6.936818715184927,9.354646541178226,50,5,6.936818715184927
938,Gesicht,0.6783047318458557,2.4519219398498535,50,6,0.6783047318458557
939,Die,17.841373443603516,8.896342277526855,167,1,
940,Tür,11.616267204284668,12.353851318359375,167,2,11.616267204284668
941,knarrt,11.601663053035736,10.262855052947998,167,3,11.601663053035736
942,laut,5.457805156707764,4.934887409210205,167,4,5.457805156707764
943,beim,10.583081245422363,4.9243059158325195,167,5,10.583081245422363
944,Öffnen,6.647130012512207,10.829524040222168,167,6,6.647130012512207
945,Der,18.26059341430664,8.896342277526855,200,1,
946,Fernseher,13.364715576171875,11.863557815551758,200,2,13.364715576171875
947,zeigt,7.369661331176758,6.8108015060424805,200,3,7.369661331176758
948,die,3.4841575622558594,7.938025951385498,200,4,3.4841575622558594
949,Nachrichten,7.874992847442627,10.263280868530273,200,5,7.874992847442627
950,Die,17.841373443603516,8.896342277526855,180,1,
951,Lampe,16.57200813293457,12.353851318359375,180,2,16.57200813293457
952,spendet,14.105777025222778,13.23974609375,180,3,14.105777025222778
953,angenehmes,16.26190948486328,11.542595863342285,180,4,16.26190948486328
954,helles,9.632535710930824,3.7534819841384888,180,5,9.632535710930824
955,Licht,0.23859262466430664,1.4326391220092773,180,6,0.23859262466430664
956,Diese,21.24692726135254,8.896342277526855,105,1,
957,zarten,17.63344097137451,17.884385585784912,105,2,17.63344097137451
958,Blumen,6.3919291496276855,8.600362777709961,105,3,6.3919291496276855
959,welken,13.669056296348572,7.945883750915527,105,4,13.669056296348572
960,rasch,9.501012802124023,7.108820915222168,105,5,9.501012802124023
961,Seine,22.59528160095215,8.896342277526855,10,1,
962,Worte,6.66671085357666,11.391192436218262,10,2,6.66671085357666
963,schwebten,17.34911823552102,11.741050779819489,10,3,17.34911823552102
964,wie,6.76729154586792,7.45474100112915,10,4,6.76729154586792
965,Schmetterlinge,9.952104315161705,6.266527235507965,10,5,9.952104315161705
966,Die,17.841373443603516,8.896342277526855,245,1,
967,Gärtnerin,17.609623432159424,18.66318130493164,245,2,17.609623432159424
968,tanzt,10.659802436828613,8.045987129211426,245,3,10.659802436828613
969,zwischen,8.77967357635498,7.197684288024902,245,4,8.77967357635498
970,den,1.6389120817184448,7.807319641113281,245,5,1.6389120817184448
971,Blumenbeeten,12.530441578477621,14.623156100511551,245,6,12.530441578477621
972,Der,18.26059341430664,8.896342277526855,220,1,
973,Mondschein,22.09660816192627,14.987346410751343,220,2,22.09660816192627
974,taucht,10.272664070129395,8.057439804077148,220,3,10.272664070129395
975,die,5.517193794250488,6.53026008605957,220,4,5.517193794250488
976,Landschaft,7.796676158905029,9.636667251586914,220,5,7.796676158905029
977,in,2.795722246170044,6.348385334014893,220,6,2.795722246170044
978,Silber,12.713174819946289,7.655096054077148,220,7,12.713174819946289
979,Das,18.880918502807617,8.896342277526855,177,1,
980,Buch,8.46373176574707,10.476740837097168,177,2,8.46373176574707
981,liegt,7.073899269104004,7.89128303527832,177,3,7.073899269104004
982,auf,2.8695430755615234,6.307918548583984,177,4,2.8695430755615234
983,dem,0.8555124402046204,3.8484790325164795,177,5,0.8555124402046204
984,gemütlichen,13.99998664855957,4.043959617614746,177,6,13.99998664855957
985,Sofa,1.2992675304412842,5.102418422698975,177,7,1.2992675304412842
986,Adler,24.90839719772339,15.675933837890625,101,1,
987,fliegen,11.628480911254883,8.674957275390625,101,2,11.628480911254883
988,tausend,16.853334426879883,7.581852912902832,101,3,16.853334426879883
989,Meter,8.634288787841797,6.084488868713379,101,4,8.634288787841797
990,hoch,5.703121662139893,4.88667106628418,101,5,5.703121662139893
991,Messer,25.62448501586914,19.38585376739502,46,1,
992,und,5.440049648284912,8.677382469177246,46,2,5.440049648284912
993,Gabel,6.283685207366943,10.265981674194336,46,3,6.283685207366943
994,liegen,11.012242317199707,7.261246681213379,46,4,11.012242317199707
995,neben,8.320913314819336,6.993973731994629,46,5,8.320913314819336
996,dem,1.6466315984725952,4.9252729415893555,46,6,1.6466315984725952
997,Teller,8.183385848999023,9.961030960083008,46,7,8.183385848999023
998,Die,17.841373443603516,8.896342277526855,230,1,
999,Familie,9.84105396270752,12.353851318359375,230,2,9.84105396270752
1000,genießt,10.46778678894043,9.901368141174316,230,3,10.46778678894043
1001,gemeinsames,17.308382034301758,6.818493366241455,230,4,17.308382034301758
1002,Abendessen,7.532103061676025,8.215934753417969,230,5,7.532103061676025
1003,Ein,18.193517684936523,8.896342277526855,239,1,
1004,älteres,13.018251836299896,13.68385124206543,239,2,13.018251836299896
1005,Ehepaar,2.1644444465637207,7.685853004455566,239,3,2.1644444465637207
1006,tanzt,13.628604888916016,6.853501319885254,239,4,13.628604888916016
1007,auf,3.5141663551330566,6.3415913581848145,239,5,3.5141663551330566
1008,der,1.9052033424377441,3.674947500228882,239,6,1.9052033424377441
1009,Hochzeitsfeier,10.059414029121399,10.826933860778809,239,7,10.059414029121399
1010,Die,17.841373443603516,8.896342277526855,235,1,
1011,Hochzeit,11.674251556396484,12.353851318359375,235,2,11.674251556396484
1012,versammelt,18.466161727905273,6.262608528137207,235,3,18.466161727905273
1013,Familie,9.02396297454834,7.7651214599609375,235,4,9.02396297454834
1014,und,1.5205954313278198,4.072591781616211,235,5,1.5205954313278198
1015,Freunde,1.1138440370559692,6.020144462585449,235,6,1.1138440370559692
1016,Ein,18.193517684936523,8.896342277526855,219,1,
1017,ruhiger,13.519230842590332,11.972281455993652,219,2,13.519230842590332
1018,Bach,9.393861770629883,8.195977210998535,219,3,9.393861770629883
1019,plätschert,13.406291786581278,8.270327746868134,219,4,13.406291786581278
1020,durch,2.938068151473999,5.934829235076904,219,5,2.938068151473999
1021,den,2.1834945678710938,4.9046101570129395,219,6,2.1834945678710938
1022,Wald,1.4328867197036743,6.38629150390625,219,7,1.4328867197036743
1023,Jeden,25.457887649536133,8.896342277526855,96,1,
1024,Freitag,3.5609893798828125,4.993638515472412,96,2,3.5609893798828125
1025,gibt's,10.175832271575928,8.603796243667603,96,3,10.175832271575928
1026,frischen,9.410233497619629,7.7978291511535645,96,4,9.410233497619629
1027,Fisch,4.030935287475586,7.172179222106934,96,5,4.030935287475586
1028,Diese,21.24692726135254,8.896342277526855,100,1,
1029,Mannschaft,12.682578086853027,10.489283561706543,100,2,12.682578086853027
1030,schoss,11.136281967163086,6.359719753265381,100,3,11.136281967163086
1031,gleich,7.4646382331848145,6.956815242767334,100,4,7.4646382331848145
1032,drei,2.1307451725006104,4.872442245483398,100,5,2.1307451725006104
1033,Tore,0.8304489850997925,3.7699990272521973,100,6,0.8304489850997925
1034,Schnupfen,28.270564317703247,21.206526041030884,91,1,
1035,stört,15.344137191772461,8.715963363647461,91,2,15.344137191772461
1036,uns,6.913120269775391,6.456010341644287,91,3,6.913120269775391
1037,natürlich,7.314675807952881,5.5338592529296875,91,4,7.314675807952881
1038,sehr,5.682877063751221,3.7387795448303223,91,5,5.682877063751221
1039,Nicht,22.552433013916016,8.896342277526855,109,1,
1040,jeder,13.026205062866211,9.423659324645996,109,2,13.026205062866211
1041,verträgt,14.89758625999093,9.032487601041794,109,3,14.89758625999093
1042,kaltes,13.794429153203964,9.431410074234009,109,4,13.794429153203964
1043,Bier,4.44161319732666,2.0957834720611572,109,5,4.44161319732666
1044,Der,18.26059341430664,8.896342277526855,34,1,
1045,Hund,10.676491737365723,11.863557815551758,34,2,10.676491737365723
1046,bellt,7.075304955244064,8.674838185310364,34,3,7.075304955244064
1047,vor,6.539100170135498,6.6045379638671875,34,4,6.539100170135498
1048,dem,3.9970486164093018,3.7178995609283447,34,5,3.9970486164093018
1049,Haus,3.2461602687835693,9.058030128479004,34,6,3.2461602687835693
1050,Der,18.26059341430664,8.896342277526855,58,1,
1051,gelbe,13.16203498840332,11.863557815551758,58,2,13.16203498840332
1052,Küchenofen,25.98212242126465,17.693861961364746,58,3,25.98212242126465
1053,sorgt,7.042068958282471,7.074579238891602,58,4,7.042068958282471
1054,für,1.132429838180542,3.760791540145874,58,5,1.132429838180542
1055,Wärme,4.16378116607666,7.382320404052734,58,6,4.16378116607666
1056,Das,18.880918502807617,8.896342277526855,76,1,
1057,war,5.206011772155762,10.476740837097168,76,2,5.206011772155762
1058,jetzt,8.361361503601074,7.374414443969727,76,3,8.361361503601074
1059,aber,4.845993518829346,7.065156936645508,76,4,4.845993518829346
1060,ein,3.8001956939697266,6.33970832824707,76,5,3.8001956939697266
1061,schöner,7.3237504959106445,8.697565078735352,76,6,7.3237504959106445
1062,Tag,3.278259754180908,6.986489295959473,76,7,3.278259754180908
1063,Das,18.880918502807617,8.896342277526855,11,1,
1064,Licht,11.145219802856445,10.476740837097168,11,2,11.145219802856445
1065,tanzte,16.489165723323822,10.89807391166687,11,3,16.489165723323822
1066,über,5.221341609954834,6.792509078979492,11,4,5.221341609954834
1067,dem,3.9730708599090576,4.324682235717773,11,5,3.9730708599090576
1068,Fluss,8.698774337768555,10.285171508789062,11,6,8.698774337768555
1069,Studenten,27.849641799926758,8.896342277526855,229,1,
1070,treffen,10.215012550354004,9.550495147705078,229,2,10.215012550354004
1071,sich,0.4824424684047699,2.9923458099365234,229,3,0.4824424684047699
1072,in,2.9546926021575928,5.8337860107421875,229,4,2.9546926021575928
1073,der,2.1365509033203125,8.609762191772461,229,5,2.1365509033203125
1074,Bibliothek,7.133403778076172,9.76465129852295,229,6,7.133403778076172
1075,Mein,21.273773193359375,8.896342277526855,97,1,
1076,Arzt,11.343233108520508,6.385216236114502,97,2,11.343233108520508
1077,empfahl,8.664494514465332,7.3495612144470215,97,3,8.664494514465332
1078,dringend,10.151896476745605,4.348886013031006,97,4,10.151896476745605
1079,Bäder,15.509242057800293,4.448184967041016,97,5,15.509242057800293
1080,Die,17.841373443603516,8.896342277526855,16,1,
1081,Kaffeetasse,17.964155852794647,18.744757652282715,16,2,17.964155852794647
1082,klirrt,13.068852424621582,12.4528169631958,16,3,13.068852424621582
1083,beim,11.470065116882324,5.280237197875977,16,4,11.470065116882324
1084,Frühstück,5.475314140319824,9.350781440734863,16,5,5.475314140319824
1085,Diese,21.24692726135254,8.896342277526855,102,1,
1086,Gegend,12.165771484375,10.489283561706543,102,2,12.165771484375
1087,nennt,11.644030570983887,5.511904239654541,102,3,11.644030570983887
1088,man,0.2531629204750061,1.0039949417114258,102,4,0.2531629204750061
1089,Sandwüste,17.57915723323822,18.608278393745422,102,5,17.57915723323822
1090,Vor,20.324384689331055,8.896342277526855,168,1,
1091,dem,3.8766980171203613,8.551308631896973,168,2,3.8766980171203613
1092,Schloss,9.110135078430176,9.930338859558105,168,3,9.110135078430176
1093,wartet,8.208592414855957,9.370702743530273,168,4,8.208592414855957
1094,eine,2.903040647506714,5.673574924468994,168,5,2.903040647506714
1095,einsame,11.65677347779274,12.41621446609497,168,6,11.65677347779274
1096,Gestalt,9.936219215393066,8.809294700622559,168,7,9.936219215393066
1097,Die,17.841373443603516,8.896342277526855,31,1,
1098,Vögel,13.082208633422852,12.353851318359375,31,2,13.082208633422852
1099,zwitschern,7.02003451064229,8.797378331422806,31,3,7.02003451064229
1100,am,6.609371185302734,6.041263103485107,31,4,6.609371185302734
1101,Morgen,4.495100021362305,7.1285319328308105,31,5,4.495100021362305
1102,Der,18.26059341430664,8.896342277526855,166,1,
1103,Kühlschrank,13.11390209197998,11.863557815551758,166,2,13.11390209197998
1104,summt,15.824811115860939,7.170486748218536,166,3,15.824811115860939
1105,seltsame,13.960321426391602,5.0060296058654785,166,4,13.960321426391602
1106,Melodien,4.708472728729248,6.407110214233398,166,5,4.708472728729248
1107,Ein,18.193517684936523,8.896342277526855,204,1,
1108,Lächeln,13.503931045532227,11.972281455993652,204,2,13.503931045532227
1109,erhellt,14.603219211101532,8.2499840259552,204,3,14.603219211101532
1110,das,2.946661949157715,4.756873607635498,204,4,2.946661949157715
1111,Gesicht,1.7090368270874023,7.405574798583984,204,5,1.7090368270874023
1112,Der,18.26059341430664,8.896342277526855,211,1,
1113,Hund,10.676491737365723,11.863557815551758,211,2,10.676491737365723
1114,las,17.175140380859375,7.788417339324951,211,3,17.175140380859375
1115,heimlich,9.802505493164062,7.6502861976623535,211,4,9.802505493164062
1116,die,3.8737034797668457,7.744919300079346,211,5,3.8737034797668457
1117,Zeitung,4.613805294036865,10.400442123413086,211,6,4.613805294036865
1118,Sportliche,30.54174518585205,17.545373916625977,226,1,
1119,Jugendliche,11.816427230834961,10.929901123046875,226,2,11.816427230834961
1120,treffen,9.097893714904785,7.423264503479004,226,3,9.097893714904785
1121,sich,0.6754893660545349,3.240377426147461,226,4,0.6754893660545349
1122,am,2.7576115131378174,5.656909942626953,226,5,2.7576115131378174
1123,Fluss,15.145517349243164,5.751695156097412,226,6,15.145517349243164
1124,Zwei,22.204273223876953,8.896342277526855,192,1,
1125,Mannschaften,9.699399948120117,10.031414031982422,192,2,9.699399948120117
1126,kämpfen,6.32489013671875,7.355030536651611,192,3,6.32489013671875
1127,um,1.0043193101882935,3.3834009170532227,192,4,1.0043193101882935
1128,den,0.9323611259460449,3.284278154373169,192,5,0.9323611259460449
1129,Sieg,3.5569207668304443,5.203627586364746,192,6,3.5569207668304443
1130,Der,18.26059341430664,8.896342277526855,28,1,
1131,Kaffee,12.960916519165039,11.863557815551758,28,2,12.960916519165039
1132,duftet,12.14448306709528,10.334494978189468,28,3,12.14448306709528
1133,sehr,6.3713459968566895,6.043802261352539,28,4,6.3713459968566895
1134,verlockend,12.100425143144093,6.67712161783129,28,5,12.100425143144093
1135,Manche,24.9966983795166,8.896342277526855,83,1,
1136,Menschen,3.620328426361084,10.276276588439941,83,2,3.620328426361084
1137,vertragen,9.951703071594238,7.1107025146484375,83,3,9.951703071594238
1138,keine,4.848701477050781,7.39735746383667,83,4,4.848701477050781
1139,Erdbeeren,13.513368338346481,12.372464060783386,83,5,13.513368338346481
1140,Sein,20.844966888427734,8.896342277526855,41,1,
1141,Blick,9.786177635192871,9.96447467803955,41,2,9.786177635192871
1142,fiel,7.318811416625977,6.525415420532227,41,3,7.318811416625977
1143,auf,1.0535002946853638,5.064391136169434,41,4,1.0535002946853638
1144,den,2.565558433532715,5.638893127441406,41,5,2.565558433532715
1145,Boden,6.484328746795654,11.449357032775879,41,6,6.484328746795654
1146,Unsere,23.85869789123535,8.896342277526855,99,1,
1147,Söhne,10.752177238464355,8.805022239685059,99,2,10.752177238464355
1148,lieben,8.570566177368164,8.09957218170166,99,3,8.570566177368164
1149,flotte,17.442959547042847,12.205073833465576,99,4,17.442959547042847
1150,Tänze,9.290523529052734,9.15310287475586,99,5,9.290523529052734
1151,Der,18.26059341430664,8.896342277526855,21,1,
1152,Wecker,14.135826110839844,16.703828811645508,21,2,14.135826110839844
1153,klingelt,0.9113553762435913,4.062888145446777,21,3,0.9113553762435913
1154,zur,10.499810218811035,5.521663665771484,21,4,10.499810218811035
1155,gewohnten,7.53152030101046,7.02896149456501,21,5,7.53152030101046
1156,Zeit,0.8835318088531494,2.5402090549468994,21,6,0.8835318088531494
1157,Danach,24.45443344116211,8.896342277526855,106,1,
1158,kannst,11.930609703063965,9.225940704345703,106,2,11.930609703063965
1159,Du,3.7319066524505615,0.6257768273353577,106,3,3.7319066524505615
1160,Dich,5.129881381988525,8.22479248046875,106,4,5.129881381988525
1161,wirklich,12.319498062133789,7.446817398071289,106,5,12.319498062133789
1162,richten,15.145602226257324,7.8707475662231445,106,6,15.145602226257324
1163,Die,17.841373443603516,8.896342277526855,181,1,
1164,Katze,12.668371200561523,12.353851318359375,181,2,12.668371200561523
1165,schnurrt,15.158807687461376,12.853106915950775,181,3,15.158807687461376
1166,zufrieden,9.740692138671875,7.137198448181152,181,4,9.740692138671875
1167,auf,4.39949893951416,5.497300624847412,181,5,4.39949893951416
1168,dem,1.4929354190826416,3.9985249042510986,181,6,1.4929354190826416
1169,Sofa,2.7747771739959717,7.998255729675293,181,7,2.7747771739959717
1170,Schlaf,26.934703826904297,8.896342277526855,87,1,
1171,vor,13.024688720703125,10.056855201721191,87,2,13.024688720703125
1172,Mitternacht,9.687335014343262,8.660920143127441,87,3,9.687335014343262
1173,ist,6.657976150512695,6.704024314880371,87,4,6.657976150512695
1174,gesund,10.608479499816895,7.603266716003418,87,5,10.608479499816895
1175,Die,17.841373443603516,8.896342277526855,205,1,
1176,Sterne,13.272066116333008,12.353851318359375,205,2,13.272066116333008
1177,funkeln,6.812555320560932,8.50636401772499,205,3,6.812555320560932
1178,am,6.130770206451416,6.313352584838867,205,4,6.130770206451416
1179,Nachthimmel,5.3626622356823646,3.6114120483398438,205,5,5.3626622356823646
1180,Der,18.26059341430664,8.896342277526855,190,1,
1181,Apfelbaum,16.34099006652832,18.585484504699707,190,2,16.34099006652832
1182,trägt,7.790794849395752,6.345613479614258,190,3,7.790794849395752
1183,viele,7.433719158172607,6.896030902862549,190,4,7.433719158172607
1184,reife,16.00019597262144,3.132972300052643,190,5,16.00019597262144
1185,Äpfel,6.947813987731934,1.5342347621917725,190,6,6.947813987731934
1186,In,16.59467887878418,8.896342277526855,248,1,
1187,der,5.123151779174805,9.440967559814453,248,2,5.123151779174805
1188,Wüste,9.967423439025879,11.313309669494629,248,3,9.967423439025879
1189,flirrt,19.90440320968628,12.955358505249023,248,4,19.90440320968628
1190,die,4.029095649719238,6.677796840667725,248,5,4.029095649719238
1191,Hitze,6.833622932434082,8.71546459197998,248,6,6.833622932434082
1192,Eine,20.66486167907715,8.896342277526855,232,1,
1193,Gruppe,7.863184452056885,11.440454483032227,232,2,7.863184452056885
1194,Freunde,12.336944580078125,6.402755260467529,232,3,12.336944580078125
1195,lacht,16.362009048461914,7.79182767868042,232,4,16.362009048461914
1196,in,5.172077655792236,6.684631824493408,232,5,5.172077655792236
1197,der,2.3328161239624023,7.994710445404053,232,6,2.3328161239624023
1198,Bar,7.900791168212891,9.687646865844727,232,7,7.900791168212891
1199,Im,18.795394897460938,8.896342277526855,160,1,
1200,Alltag,12.080242156982422,10.13779354095459,160,2,12.080242156982422
1201,herrscht,9.448278427124023,8.718067169189453,160,3,9.448278427124023
1202,eine,4.467736721038818,8.339722633361816,160,4,4.467736721038818
1203,gnadenlose,10.902739271521568,13.47524893283844,160,5,10.902739271521568
1204,Hektik,9.139156460762024,11.2837233543396,160,6,9.139156460762024
1205,Die,17.841373443603516,8.896342277526855,254,1,
1206,weiße,13.501185417175293,12.353851318359375,254,2,13.501185417175293
1207,Leinwand,8.964142799377441,9.954561233520508,254,3,8.964142799377441
1208,wird,4.898210048675537,7.285547733306885,254,4,4.898210048675537
1209,vom,6.582911014556885,8.254568099975586,254,5,6.582911014556885
1210,Maler,9.004497528076172,11.429069519042969,254,6,9.004497528076172
1211,beschriftet,13.420264545653481,13.50203395448625,254,7,13.420264545653481
1212,Der,18.26059341430664,8.896342277526855,193,1,
1213,Zug,9.3279390335083,11.863557815551758,193,2,9.3279390335083
1214,rattert,13.870684385299683,10.195434093475342,193,3,13.870684385299683
1215,laut,8.513578414916992,6.925721168518066,193,4,8.513578414916992
1216,durch,6.223100662231445,6.109986305236816,193,5,6.223100662231445
1217,die,1.1019641160964966,3.920471668243408,193,6,1.1019641160964966
1218,Nacht,4.705346584320068,9.14626407623291,193,7,4.705346584320068
1219,Der,18.26059341430664,8.896342277526855,244,1,
1220,Polizist,12.801339149475098,11.863557815551758,244,2,12.801339149475098
1221,spielt,9.560484886169434,8.131702423095703,244,3,9.560484886169434
1222,Gitarre,11.75192928314209,7.352558135986328,244,4,11.75192928314209
1223,für,8.7353515625,3.95499849319458,244,5,8.7353515625
1224,die,2.7020843029022217,7.4935760498046875,244,6,2.7020843029022217
1225,Nachbarschaft,13.1111421585083,11.361883163452148,244,7,13.1111421585083
1226,Der,18.26059341430664,8.896342277526855,176,1,
1227,Kaffee,12.960916519165039,11.863557815551758,176,2,12.960916519165039
1228,duftet,12.14448306709528,10.334494978189468,176,3,12.14448306709528
1229,verführerisch,11.546449115499854,7.905030597001314,176,4,11.546449115499854
1230,am,9.735093116760254,3.960824966430664,176,5,9.735093116760254
1231,Morgen,2.1872446537017822,6.788576602935791,176,6,2.1872446537017822
1232,Die,17.841373443603516,8.896342277526855,139,1,
1233,Bremse,13.89389193058014,15.261204719543457,139,2,13.89389193058014
1234,quietscht,10.896448284387589,8.941551804542542,139,3,10.896448284387589
1235,beim,7.692014694213867,5.087445259094238,139,4,7.692014694213867
1236,linkslastigen,28.685741558670998,14.258600562810898,139,5,28.685741558670998
1237,Bremsen,5.216960430145264,9.631608009338379,139,6,5.216960430145264
1238,Morgen,24.672304153442383,8.896342277526855,8,1,
1239,umarmt,21.73250901699066,17.192392826080322,8,2,21.73250901699066
1240,der,6.575199127197266,5.54093599319458,8,3,6.575199127197266
1241,Nebel,11.046504974365234,11.168642044067383,8,4,11.046504974365234
1242,die,2.088836431503296,6.659161567687988,8,5,2.088836431503296
1243,Berge,6.885560989379883,10.61195182800293,8,6,6.885560989379883
1244,Einige,24.79287338256836,8.896342277526855,104,1,
1245,Busse,13.86552619934082,10.750778198242188,104,2,13.86552619934082
1246,fahren,3.0299952030181885,6.379654884338379,104,3,3.0299952030181885
1247,heute,6.2787322998046875,7.327165603637695,104,4,6.2787322998046875
1248,später,11.45687198638916,6.553150653839111,104,5,11.45687198638916
1249,Wir,18.92342758178711,8.896342277526855,56,1,
1250,hören,10.76406192779541,6.8760480880737305,56,2,10.76406192779541
1251,den,6.468842029571533,7.606005668640137,56,3,6.468842029571533
1252,plätschernden,20.267314612865448,19.078146666288376,56,4,20.267314612865448
1253,Bach,2.61922287940979,6.768352508544922,56,5,2.61922287940979
1254,Nicht,22.552433013916016,8.896342277526855,138,1,
1255,alle,6.654096603393555,9.423659324645996,138,2,6.654096603393555
1256,Menschen,8.259317398071289,11.362926483154297,138,3,8.259317398071289
1257,verkraften,14.739160597324371,9.274704456329346,138,4,14.739160597324371
1258,den,4.103521347045898,6.488285064697266,138,5,4.103521347045898
1259,Linksverkehr,26.525575637817383,9.330747783184052,138,6,26.525575637817383
1260,sofort,11.733125686645508,4.074010372161865,138,7,11.733125686645508
1261,Der,18.26059341430664,8.896342277526855,149,1,
1262,Frosch,13.930965423583984,11.863557815551758,149,2,13.930965423583984
1263,sprang,12.070411682128906,8.015093803405762,149,3,12.070411682128906
1264,rein,10.12708568572998,6.392644882202148,149,4,10.12708568572998
1265,ins,6.848245143890381,3.4049909114837646,149,5,6.848245143890381
1266,Täschchen,21.30760183185339,9.455854654312134,149,6,21.30760183185339
1267,Die,17.841373443603516,8.896342277526855,175,1,
1268,Blumen,13.241004943847656,12.353851318359375,175,2,13.241004943847656
1269,blühen,7.617628186941147,9.211504638195038,175,3,7.617628186941147
1270,im,4.211169242858887,6.564887523651123,175,4,4.211169242858887
1271,sonnigen,7.776974678039551,7.0015034675598145,175,5,7.776974678039551
1272,Garten,4.803738594055176,7.046560287475586,175,6,4.803738594055176
1273,Für,21.19095802307129,8.896342277526855,136,1,
1274,Volkskunst,28.647571086883545,9.186826586723328,136,2,28.647571086883545
1275,schwärmt,17.838403701782227,7.134536266326904,136,3,17.838403701782227
1276,nicht,7.479436874389648,7.957340717315674,136,4,7.479436874389648
1277,jede,6.5135273933410645,3.9396252632141113,136,5,6.5135273933410645
1278,Altersstufe,15.084111332893372,10.939611911773682,136,6,15.084111332893372
1279,Prinzipiell,33.97498321533203,17.073485374450684,144,1,
1280,müssen,7.716901779174805,6.995700359344482,144,2,7.716901779174805
1281,alle,3.617236375808716,7.209959506988525,144,3,3.617236375808716
1282,Hunde,9.984944343566895,11.420926094055176,144,4,9.984944343566895
1283,ein,6.506548881530762,7.575253009796143,144,5,6.506548881530762
1284,Halsband,8.874002888798714,11.168321818113327,144,6,8.874002888798714
1285,tragen,0.7656884789466858,3.0715651512145996,144,7,0.7656884789466858
1286,Durch,20.922212600708008,8.896342277526855,161,1,
1287,die,2.125746726989746,6.737635612487793,161,2,2.125746726989746
1288,Straßen,11.450117111206055,11.552976608276367,161,3,11.450117111206055
1289,zieht,11.218428611755371,8.897574424743652,161,4,11.218428611755371
1290,eine,7.6014580726623535,2.7717912197113037,161,5,7.6014580726623535
1291,kalte,9.252781867980957,10.599437713623047,161,6,9.252781867980957
1292,Brise,3.50773286819458,6.012797832489014,161,7,3.50773286819458
1293,Der,18.26059341430664,8.896342277526855,137,1,
1294,Besitz,13.610037803649902,11.863557815551758,137,2,13.610037803649902
1295,des,3.797229766845703,5.2683539390563965,137,3,3.797229766845703
1296,Kiosks,13.557851642370224,20.047914057970047,137,4,13.557851642370224
1297,ist,2.5955328941345215,6.956418037414551,137,5,2.5955328941345215
1298,rechtlich,8.796720504760742,7.797002792358398,137,6,8.796720504760742
1299,verpfändet,14.905205441900762,7.431235986994579,137,7,14.905205441900762
1300,Die,17.841373443603516,8.896342277526855,173,1,
1301,Straßenlaterne,18.714546506351326,20.425581941381097,173,2,18.714546506351326
1302,spendet,16.563541889190674,11.085176944732666,173,3,16.563541889190674
1303,warmes,15.16055953502655,11.144057273864746,173,4,15.16055953502655
1304,Licht,0.8881657719612122,3.4348158836364746,173,5,0.8881657719612122
1305,Nach,19.36050033569336,8.896342277526855,172,1,
1306,dem,1.9845331907272339,6.32560396194458,172,2,1.9845331907272339
1307,Aufräumen,13.303483963012695,15.921539783477783,172,3,13.303483963012695
1308,fand,9.995119094848633,7.336820602416992,172,4,9.995119094848633
1309,ich,4.23321533203125,5.012760162353516,172,5,4.23321533203125
1310,mein,6.679493427276611,6.950098514556885,172,6,6.679493427276611
1311,Buch,5.001935005187988,8.97418212890625,172,7,5.001935005187988
1312,Die,17.841373443603516,8.896342277526855,233,1,
1313,Nachbarn,12.912162780761719,12.353851318359375,233,2,12.912162780761719
1314,feiern,8.972713470458984,8.095528602600098,233,3,8.972713470458984
1315,gemeinsam,5.77716064453125,7.280385494232178,233,4,5.77716064453125
1316,im,5.4251627922058105,5.304953575134277,233,5,5.4251627922058105
1317,Garten,4.52221155166626,9.787687301635742,233,6,4.52221155166626
1318,Sie,18.278270721435547,8.896342277526855,258,1,
1319,hört,18.82890510559082,7.353473663330078,258,2,18.82890510559082
1320,Musik,6.007566452026367,7.329843521118164,258,3,6.007566452026367
1321,mit,7.409331798553467,5.215495586395264,258,4,7.409331798553467
1322,geschlossenen,8.444019317626953,7.8623785972595215,258,5,8.444019317626953
1323,Augen,0.022599441930651665,0.1713486909866333,258,6,0.022599441930651665
1324,Die,17.841373443603516,8.896342277526855,186,1,
1325,Kaffeetasse,17.964155852794647,18.744757652282715,186,2,17.964155852794647
1326,dampft,12.940748482942581,8.592102289199829,186,3,12.940748482942581
1327,auf,5.850951194763184,6.906484127044678,186,4,5.850951194763184
1328,dem,2.2929561138153076,6.345492362976074,186,5,2.2929561138153076
1329,Frühstückstisch,7.764615073800087,9.39381468296051,186,6,7.764615073800087
1330,Ein,18.193517684936523,8.896342277526855,215,1,
1331,freundliches,14.564450100064278,12.933591604232788,215,2,14.564450100064278
1332,Lächeln,2.8035812377929688,6.862734794616699,215,3,2.8035812377929688
1333,erhellt,16.958036482334137,8.31594443321228,215,4,16.958036482334137
1334,den,2.6192166805267334,5.028418064117432,215,5,2.6192166805267334
1335,Tag,5.484051704406738,8.737022399902344,215,6,5.484051704406738
1336,Gleich,26.56913185119629,8.896342277526855,48,1,
1337,hier,8.030076026916504,7.186566352844238,48,2,8.030076026916504
1338,sind,7.321842670440674,6.685512542724609,48,3,7.321842670440674
1339,die,2.330205202102661,6.743386268615723,48,4,2.330205202102661
1340,Nahrungsmittel,14.560837745666504,11.538506507873535,48,5,14.560837745666504
1341,Das,18.880918502807617,8.896342277526855,26,1,
1342,Wasser,8.506900787353516,10.476740837097168,26,2,8.506900787353516
1343,kocht,10.659376740455627,11.202606916427612,26,3,10.659376740455627
1344,auf,5.730159759521484,6.3564581871032715,26,4,5.730159759521484
1345,dem,2.4808568954467773,5.448112487792969,26,5,2.4808568954467773
1346,Herd,4.536825656890869,8.2572021484375,26,6,4.536825656890869
1347,Ein,18.193517684936523,8.896342277526855,231,1,
1348,Paar,9.898294448852539,11.972281455993652,231,2,9.898294448852539
1349,tanzt,12.971007347106934,10.673454284667969,231,3,12.971007347106934
1350,unter,9.043746948242188,7.163513660430908,231,4,9.043746948242188
1351,dem,2.574645757675171,6.337622165679932,231,5,2.574645757675171
1352,Sternenhimmel,1.8172417283058167,7.464561939239502,231,6,1.8172417283058167
1353,Der,18.26059341430664,8.896342277526855,63,1,
1354,Bahnhof,10.62972354888916,11.863557815551758,63,2,10.62972354888916
1355,liegt,7.113134860992432,9.583017349243164,63,3,7.113134860992432
1356,sieben,12.164993286132812,4.765389919281006,63,4,12.164993286132812
1357,Minuten,2.9276351928710938,2.7407732009887695,63,5,2.9276351928710938
1358,entfernt,4.9945573806762695,3.799126386642456,63,6,4.9945573806762695
1359,Der,18.26059341430664,8.896342277526855,201,1,
1360,Briefträger,15.131951451301575,16.594117403030396,201,2,15.131951451301575
1361,bringt,8.288067817687988,7.663659572601318,201,3,8.288067817687988
1362,die,3.3423049449920654,7.4836530685424805,201,4,3.3423049449920654
1363,Post,2.635185480117798,6.894702911376953,201,5,2.635185480117798
1364,Nach,19.36050033569336,8.896342277526855,152,1,
1365,diesen,9.66460132598877,6.32560396194458,152,2,9.66460132598877
1366,Sturmböen,17.074996639043093,11.948812916874886,152,3,17.074996639043093
1367,herrscht,9.310548782348633,6.780996322631836,152,4,9.310548782348633
1368,ein,6.467653274536133,5.476136207580566,152,5,6.467653274536133
1369,furchtbares,13.317718982696533,9.932430505752563,152,6,13.317718982696533
1370,Chaos,2.926283597946167,5.5325140953063965,152,7,2.926283597946167
1371,Sie,18.278270721435547,8.896342277526855,256,1,
1372,liest,14.170459747314453,7.353473663330078,256,2,14.170459747314453
1373,ein,6.474435806274414,7.877820014953613,256,3,6.474435806274414
1374,Buch,1.9615718126296997,7.83996057510376,256,4,1.9615718126296997
1375,in,5.96120023727417,4.952113628387451,256,5,5.96120023727417
1376,der,1.3468400239944458,5.579629421234131,256,6,1.3468400239944458
1377,Sonne,8.966099739074707,5.165691375732422,256,7,8.966099739074707
1378,Du,20.054386138916016,8.896342277526855,129,1,
1379,bewirbst,18.82638192176819,15.443281650543213,129,2,18.82638192176819
1380,dich,0.9144009351730347,3.0792038440704346,129,3,0.9144009351730347
1381,bei,5.049495697021484,6.469958305358887,129,4,5.049495697021484
1382,der,3.7560622692108154,5.655016899108887,129,5,3.7560622692108154
1383,gepflegten,19.109305918216705,11.48015022277832,129,6,19.109305918216705
1384,Wirtschaftsbank,22.423770904541016,17.053104400634766,129,7,22.423770904541016
1385,Der,18.26059341430664,8.896342277526855,45,1,
1386,Kaffee,12.960916519165039,11.863557815551758,45,2,12.960916519165039
1387,dampft,12.345538556575775,8.506845355033875,45,3,12.345538556575775
1388,in,4.548512935638428,6.376843452453613,45,4,4.548512935638428
1389,den,3.377556562423706,6.902203559875488,45,5,3.377556562423706
1390,Tassen,6.2669481337070465,11.207367062568665,45,6,6.2669481337070465
1391,Das,18.880918502807617,8.896342277526855,227,1,
1392,Café,10.892963409423828,10.476740837097168,227,2,10.892963409423828
1393,ist,3.8574697971343994,10.068886756896973,227,3,3.8574697971343994
1394,Treffpunkt,9.540929794311523,7.975666046142578,227,4,9.540929794311523
1395,für,0.9517738819122314,3.4014182090759277,227,5,0.9517738819122314
1396,Gespräche,10.405415534973145,8.12562370300293,227,6,10.405415534973145
1397,Der,18.26059341430664,8.896342277526855,194,1,
1398,Raureif,19.788114339113235,21.77444553375244,194,2,19.788114339113235
1399,zaubert,15.899343013763428,13.680724143981934,194,3,15.899343013763428
1400,Diamanten,17.745203018188477,7.776505470275879,194,4,17.745203018188477
1401,auf,4.4039306640625,5.603816986083984,194,5,4.4039306640625
1402,Blätter,14.827323913574219,3.939424753189087,194,6,14.827323913574219
1403,Alle,22.420713424682617,8.896342277526855,74,1,
1404,eilen,20.33798599243164,18.606643676757812,74,2,20.33798599243164
1405,gleich,9.572883605957031,7.124565601348877,74,3,9.572883605957031
1406,links,13.633112907409668,6.688941955566406,74,4,13.633112907409668
1407,ins,7.514179706573486,6.48066520690918,74,5,7.514179706573486
1408,Freie,5.47344446182251,8.448481559753418,74,6,5.47344446182251
1409,Auch,21.96276092529297,8.896342277526855,123,1,
1410,der,5.257687568664551,7.944327354431152,123,2,5.257687568664551
1411,Elefant,14.773581193643622,11.881506654433906,123,3,14.773581193643622
1412,ist,3.1385457515716553,7.956198692321777,123,4,3.1385457515716553
1413,ein,2.7787837982177734,8.053901672363281,123,5,2.7787837982177734
1414,Geschöpf,10.276945486664772,11.175287365913391,123,6,10.276945486664772
1415,Gottes,2.7247631549835205,3.858196496963501,123,7,2.7247631549835205
1416,Verkehrsampeln,36.438616156578064,26.256263732910156,103,1,
1417,leuchten,10.993884086608887,7.314712047576904,103,2,10.993884086608887
1418,grün,7.9123311042785645,6.7512383460998535,103,3,7.9123311042785645
1419,gelb,10.675970077514648,4.421795845031738,103,4,10.675970077514648
1420,rot,6.197157382965088,5.959668159484863,103,5,6.197157382965088
